date,OT
2008-01-01,94.8
2008-01-02,96.93
2008-01-03,97.71
2008-01-04,90.09
2008-01-05,90.74
2008-01-06,89.84
2008-01-07,89.12
2008-01-08,93.68
2008-01-09,92.7
2008-01-10,92.61
2008-01-11,84.13
2008-01-12,72.44
2008-01-13,92.02
2008-01-14,92.22
2008-01-15,90.88
2008-01-16,89.21
2008-01-17,88.49
2008-01-18,88.48
2008-01-19,88.05
2008-01-20,87.69
2008-01-21,86.08
2008-01-22,85.81
2008-01-23,87.08
2008-01-24,86.62
2008-01-25,86.74
2008-01-26,86.93
2008-01-27,88.34
2008-01-28,88.11
2008-01-29,88.02
2008-01-30,88.44
2008-01-31,89.31
2008-02-01,88.4
2008-02-02,87.98
2008-02-03,87.46
2008-02-04,86.59
2008-02-05,84.97
2008-02-06,84.875
2008-02-07,85.31
2008-02-08,84.84
2008-02-09,85.19
2008-02-10,85.49
2008-02-11,86.46
2008-02-12,85.3849999999999
2008-02-13,84.475
2008-02-14,84.17
2008-02-15,84.01
2008-02-16,83.85
2008-02-17,84.515
2008-02-18,86.74
2008-02-19,85.29
2008-02-20,84.865
2008-02-21,84.93
2008-02-22,85.68
2008-02-23,85.96
2008-02-24,84.45
2008-02-25,84.2
2008-02-26,76.67
2008-02-27,84.055
2008-02-28,82.47
2008-02-29,68.115
2008-03-01,62.9899999999999
2008-03-02,56.61
2008-03-03,50.86
2008-03-04,68.39750000000001
2008-03-05,85.935
2008-03-06,86.96
2008-03-07,87.98
2008-03-08,87.85
2008-03-09,87.68
2008-03-10,88.96
2008-03-11,88.78
2008-03-12,88.18
2008-03-13,88.01
2008-03-14,88.15
2008-03-15,87.99
2008-03-16,88.215
2008-03-17,83.3
2008-03-18,83.85
2008-03-19,84.93
2008-03-20,83.45
2008-03-21,83.33
2008-03-22,82.87
2008-03-23,83.8
2008-03-24,88.67
2008-03-25,95.45
2008-03-26,98.69
2008-03-27,100.69
2008-03-28,98.29
2008-03-29,95.9
2008-03-30,96.04
2008-03-31,94.07
2008-04-01,91.225
2008-04-02,89.17
2008-04-03,90.99
2008-04-04,88.455
2008-04-05,88.54
2008-04-06,87.94
2008-04-07,84.91
2008-04-08,87.29
2008-04-09,84.16
2008-04-10,85.81
2008-04-11,86.2299999999999
2008-04-12,84.72
2008-04-13,72.18
2008-04-14,59.64
2008-04-15,79.05
2008-04-16,69.4325
2008-04-17,59.815
2008-04-18,60.06
2008-04-19,60.3
2008-04-20,60.545
2008-04-21,59.93
2008-04-22,59.84
2008-04-23,58.785
2008-04-24,59.0199999999999
2008-04-25,59.67
2008-04-26,58.24
2008-04-27,58.76
2008-04-28,59.6449999999999
2008-04-29,60.49
2008-04-30,89.65
2008-05-01,88.09
2008-05-02,88.48
2008-05-03,88.18
2008-05-04,85.1
2008-05-05,86.33
2008-05-06,86.94
2008-05-07,86.95
2008-05-08,84.495
2008-05-09,86.4
2008-05-10,86.73
2008-05-11,85.66
2008-05-12,87.56
2008-05-13,85.5
2008-05-14,87.18
2008-05-15,88.69
2008-05-16,89.98
2008-05-17,90.01
2008-05-18,86.55
2008-05-19,87.23
2008-05-20,87.09
2008-05-21,86.55
2008-05-22,88.27
2008-05-23,88.57
2008-05-24,87.52
2008-05-25,88.17
2008-05-26,85.08
2008-05-27,87.35
2008-05-28,83.55
2008-05-29,87.41
2008-05-30,83.75
2008-05-31,84.8549999999999
2008-06-01,86.08
2008-06-02,82.94
2008-06-03,85.88
2008-06-04,82.43
2008-06-05,82.52
2008-06-06,83.2
2008-06-07,82.43
2008-06-08,84.82
2008-06-09,84.31
2008-06-10,85.68
2008-06-11,85.78
2008-06-12,85.52
2008-06-13,85.9
2008-06-14,86.0
2008-06-15,86.03
2008-06-16,84.66
2008-06-17,84.78
2008-06-18,81.51
2008-06-19,84.55
2008-06-20,84.63
2008-06-21,80.59
2008-06-22,82.56
2008-06-23,85.05
2008-06-24,84.86
2008-06-25,85.05
2008-06-26,85.0
2008-06-27,84.87
2008-06-28,80.26
2008-06-29,81.74
2008-06-30,85.1349999999999
2008-07-01,85.59
2008-07-02,83.2
2008-07-03,83.47
2008-07-04,85.83
2008-07-05,84.18
2008-07-06,84.9
2008-07-07,83.94
2008-07-08,84.53
2008-07-09,84.68
2008-07-10,83.61
2008-07-11,83.785
2008-07-12,82.68
2008-07-13,82.95
2008-07-14,83.44
2008-07-15,83.06
2008-07-16,82.68
2008-07-17,82.67
2008-07-18,83.52
2008-07-19,83.33666666666666
2008-07-20,83.15333333333332
2008-07-21,82.97
2008-07-22,84.62
2008-07-23,83.57
2008-07-24,81.25
2008-08-05,64.87
2008-08-06,87.36
2008-08-07,87.35
2008-08-08,87.17
2008-08-09,86.29
2008-08-10,86.47
2008-08-11,86.16
2008-08-12,85.845
2008-08-13,85.82
2008-08-14,87.56
2008-08-15,91.62
2008-08-16,91.21
2008-08-17,91.76
2008-08-18,91.085
2008-08-19,92.88
2008-08-20,92.8249999999999
2008-08-21,92.05
2008-08-22,91.67
2008-08-23,93.315
2008-08-24,94.56
2008-08-25,93.33
2008-08-26,92.03
2008-08-27,92.48
2008-08-28,92.42
2008-08-29,92.38
2008-08-30,92.77
2008-08-31,92.435
2008-09-01,85.765
2008-09-02,85.5749999999999
2008-09-03,86.24
2008-09-04,85.73
2008-09-05,85.61
2008-09-06,85.1349999999999
2008-09-07,86.25
2008-09-08,86.905
2008-09-09,87.09
2008-09-10,86.64
2008-09-11,86.65
2008-09-12,86.55
2008-09-13,86.78
2008-09-14,87.22
2008-09-15,86.8549999999999
2008-09-16,87.69
2008-09-17,87.88
2008-09-18,86.985
2008-09-19,87.9799999999999
2008-09-20,88.525
2008-09-21,88.68
2008-09-22,88.3
2008-09-23,89.03
2008-09-24,90.06
2008-09-25,88.15
2008-09-26,87.84
2008-09-27,87.28
2008-09-28,87.305
2008-09-29,87.435
2008-09-30,87.1
2008-10-01,93.7
2008-10-02,93.51
2008-10-03,93.49
2008-10-04,94.29
2008-10-05,94.125
2008-10-06,95.06
2008-10-07,97.62
2008-10-08,95.04
2008-10-09,95.2
2008-10-10,95.11
2008-10-29,102.0
2008-10-30,101.45
2008-10-31,101.67
2008-11-01,100.97
2008-11-02,101.94
2008-11-03,102.285
2008-11-04,102.81
2008-11-05,89.2
2008-11-06,89.71
2008-11-07,89.65
2008-11-08,89.74
2008-11-09,88.785
2008-11-10,88.99
2008-11-11,90.58
2008-11-12,92.05
2008-11-13,91.19
2008-11-14,90.0
2008-11-15,89.65
2008-11-16,89.65
2008-11-17,87.71
2008-11-18,87.05
2008-11-19,86.29
2008-11-20,86.14
2008-11-21,87.36
2008-11-22,87.09333333333332
2008-11-23,86.82666666666667
2008-11-24,86.56
2008-11-25,86.395
2008-11-26,86.1349999999999
2008-11-27,85.56
2008-11-28,86.365
2008-11-29,85.99875
2008-11-30,85.6325
2008-12-01,85.26625
2008-12-02,84.9
2008-12-03,84.5749999999999
2008-12-04,83.6
2008-12-05,82.78
2008-12-06,81.88
2008-12-07,81.87
2008-12-08,84.03
2008-12-09,84.14
2008-12-10,85.46
2008-12-11,85.19
2008-12-12,84.78
2008-12-13,84.95
2008-12-14,83.48
2008-12-15,83.4
2008-12-16,83.3
2008-12-17,83.58
2008-12-18,83.44
2008-12-19,83.025
2008-12-20,82.52333333333333
2008-12-21,82.02166666666666
2008-12-22,81.52
2008-12-23,81.78
2008-12-24,81.17
2008-12-25,82.67
2008-12-26,82.28
2009-01-01,78.99
2009-01-02,79.91
2009-01-03,79.31
2009-01-04,79.24
2009-01-05,78.31
2009-01-06,78.45
2009-01-07,78.24
2009-01-08,77.66
2009-01-09,76.3
2009-01-10,99.99
2009-01-11,82.95
2009-01-12,76.05
2009-01-13,79.25
2009-01-14,136.26
2009-01-15,76.58
2009-01-16,124.24
2009-01-17,160.34
2009-01-18,75.62
2009-01-19,75.46
2009-01-20,75.54
2009-01-21,74.63
2009-01-22,73.375
2009-01-23,72.57
2009-01-24,70.84
2009-01-25,67.86
2009-01-26,70.07
2009-01-27,72.22
2009-01-28,72.11
2009-01-29,69.79
2009-01-30,68.67
2009-01-31,68.39
2009-02-01,68.49
2009-02-02,67.88
2009-02-03,68.04
2009-02-04,67.6
2009-02-05,69.59
2009-02-06,70.04
2009-02-07,70.71
2009-02-08,69.91
2009-02-09,69.56
2009-02-10,69.02
2009-02-11,69.49
2009-02-12,68.97
2009-02-13,70.16
2009-02-14,68.18
2009-02-15,67.55
2009-02-16,67.02
2009-02-17,66.89
2009-02-18,67.125
2009-02-19,71.695
2009-02-20,71.71
2009-02-21,73.305
2009-02-22,70.36
2009-02-23,68.66
2009-02-24,67.57
2009-02-25,67.4
2009-02-26,88.17
2009-02-27,87.17
2009-02-28,86.93
2009-03-01,83.82
2009-03-02,85.0399999999999
2009-03-03,73.91
2009-03-04,86.735
2009-03-05,85.685
2009-03-06,85.38
2009-03-07,87.765
2009-03-08,83.96
2009-03-09,81.795
2009-03-10,83.13
2009-03-11,84.5449999999999
2009-03-12,80.56
2009-03-13,84.37
2009-03-14,86.27
2009-03-15,83.685
2009-03-16,80.18
2009-03-17,80.88
2009-03-18,77.18
2009-03-19,80.63
2009-03-20,82.47
2009-03-21,82.57
2009-03-22,84.13
2009-03-23,86.52
2009-03-24,86.4
2009-03-25,88.85
2009-03-26,89.96
2009-03-27,87.54
2009-03-28,86.31
2009-03-29,85.15
2009-03-30,85.49
2009-03-31,85.19
2009-04-01,86.21
2009-04-02,86.67
2009-04-03,87.67
2009-04-04,85.03
2009-04-05,85.99
2009-04-06,87.65
2009-04-07,87.5
2009-04-08,85.74
2009-04-09,56.04
2009-04-10,61.685
2009-04-11,87.94
2009-04-12,86.95
2009-04-13,87.39
2009-04-14,83.55
2009-04-15,83.66
2009-04-16,85.18
2009-04-17,86.94
2009-04-18,86.6049999999999
2009-04-19,88.45
2009-04-20,86.605
2009-04-21,84.76
2009-04-22,84.85666666666667
2009-04-23,84.95333333333333
2009-04-24,85.05
2009-04-25,84.84
2009-04-26,84.58333333333333
2009-04-27,84.32666666666667
2009-04-28,84.07
2009-04-29,85.13
2009-04-30,86.19
2009-05-01,87.25
2009-05-02,86.48
2009-05-03,87.15
2009-05-04,85.97
2009-05-05,86.23
2009-05-06,86.57
2009-05-07,88.72
2009-05-08,88.03
2009-05-09,89.65
2009-05-10,88.85666666666667
2009-05-11,88.06333333333333
2009-05-12,87.27
2009-05-13,91.68
2009-05-14,92.03
2009-05-15,91.315
2009-05-16,80.1049999999999
2009-05-17,87.52
2009-05-18,91.88
2009-05-19,91.19
2009-05-20,90.83
2009-05-21,86.935
2009-05-22,90.38
2009-05-23,86.89
2009-05-24,88.585
2009-05-25,87.99
2009-05-26,87.76
2009-05-27,87.56
2009-05-28,86.75
2009-05-29,87.12
2009-05-30,87.0
2009-05-31,88.05
2009-06-01,89.145
2009-06-02,92.22
2009-06-03,85.11
2009-06-04,89.295
2009-06-05,89.58
2009-06-06,89.205
2009-06-07,86.07
2009-06-08,87.73
2009-06-09,86.11
2009-06-10,87.5749999999999
2009-06-11,89.06
2009-06-12,89.04
2009-06-13,88.54
2009-06-14,88.32
2009-06-15,87.23
2009-06-16,87.46
2009-06-17,87.32
2009-06-18,87.56
2009-06-19,87.69
2009-06-20,87.19666666666666
2009-06-21,86.70333333333333
2009-06-22,86.21
2009-06-23,86.25
2009-06-24,88.02
2009-06-25,86.05
2009-06-26,85.755
2009-06-27,87.14
2009-06-28,85.05
2009-06-29,85.005
2009-06-30,85.15
2009-07-01,86.1649999999999
2009-07-02,82.03
2009-07-03,84.73
2009-07-04,87.34
2009-07-05,89.44
2009-07-06,91.79
2009-07-07,87.55
2009-07-08,91.6349999999999
2009-07-09,76.2
2009-07-10,87.32
2009-07-11,85.74
2009-07-12,65.47
2009-07-13,86.785
2009-07-14,81.42
2009-07-15,84.1
2009-07-16,85.3249999999999
2009-07-17,83.96
2009-07-18,82.87
2009-07-19,84.7
2009-07-20,85.16
2009-07-21,85.24
2009-07-22,85.0
2009-07-23,85.3
2009-07-24,85.5
2009-07-25,85.76
2009-07-26,85.71
2009-07-27,85.655
2009-07-28,85.33
2009-07-29,85.89
2009-07-30,85.78
2009-07-31,86.32
2009-08-01,80.525
2009-08-02,79.79
2009-08-03,79.5
2009-08-04,79.57
2009-08-05,78.3849999999999
2009-08-06,78.47
2009-08-07,78.89
2009-08-08,81.14
2009-08-09,82.33
2009-08-10,82.515
2009-08-11,77.795
2009-08-12,79.0749999999999
2009-08-13,82.76
2009-08-14,82.15
2009-08-15,82.57
2009-08-16,82.8549999999999
2009-08-17,82.43
2009-08-18,82.27
2009-08-19,82.3
2009-08-20,79.97
2009-08-21,77.765
2009-08-22,78.5
2009-08-23,79.235
2009-08-24,79.97
2009-08-25,82.99
2009-08-26,81.38
2009-08-27,80.98
2009-08-28,83.91
2009-08-29,86.36
2009-08-30,83.62
2009-08-31,85.08
2009-09-01,85.18
2009-09-02,84.28
2009-09-03,82.6649999999999
2009-09-04,85.99
2009-09-05,83.28
2009-09-06,86.69
2009-09-07,82.25
2009-09-08,76.67
2009-09-09,71.11
2009-09-10,84.05
2009-09-11,83.32
2009-09-12,81.08
2009-09-13,84.13
2009-09-14,83.05
2009-09-15,83.63
2009-09-16,82.29
2009-09-17,81.85
2009-09-18,82.83
2009-09-19,81.58
2009-09-20,80.64
2009-09-21,79.155
2009-09-22,86.85
2009-09-23,68.08
2009-09-24,66.11
2009-09-25,65.44
2009-09-26,56.1
2009-09-27,54.08
2009-09-28,50.66
2009-09-29,59.7399999999999
2009-09-30,60.61
2009-10-01,54.7099999999999
2009-10-02,58.85
2009-10-03,57.565
2009-10-04,57.22
2009-10-05,61.73
2009-10-06,55.59
2009-10-07,55.415
2009-10-08,56.4
2009-10-09,59.475
2009-10-10,52.9
2009-10-11,57.665
2009-10-12,60.205
2009-10-13,56.36
2009-10-14,58.3
2009-10-15,61.05
2009-10-16,55.135
2009-10-17,55.708333333333336
2009-10-18,56.281666666666666
2009-10-19,56.855
2009-10-20,57.47
2009-10-21,59.5125
2009-10-22,61.555
2009-10-23,53.89
2009-10-24,55.30666666666667
2009-10-25,56.723333333333336
2009-10-26,58.14
2009-10-27,54.57
2009-10-28,62.26
2009-10-29,60.84
2009-10-30,61.51
2009-10-31,58.15
2009-11-01,57.835
2009-11-02,57.665
2009-11-03,59.46
2009-11-04,55.94
2009-11-05,56.9
2009-11-06,58.33
2009-11-07,55.525
2009-11-08,55.86
2009-11-09,58.175
2009-11-10,52.6
2009-11-11,55.91
2009-11-12,59.35
2009-11-13,59.845
2009-11-14,55.65
2009-11-15,59.88
2009-11-16,60.4
2009-11-17,62.765
2009-11-18,64.17
2009-11-19,64.7899999999999
2009-11-20,64.1649999999999
2009-11-21,63.57
2009-11-22,66.64
2009-11-23,63.0
2009-11-24,57.46
2009-11-25,51.92
2009-11-26,92.33
2010-01-16,116.31
2010-01-17,121.095
2010-01-18,118.83
2010-01-19,116.565
2010-01-20,118.6275
2010-01-21,120.69
2010-01-22,96.46
2010-01-23,99.16
2010-01-24,100.48
2010-01-25,99.12
2010-01-26,97.41
2010-01-27,95.97
2010-01-28,95.12
2010-01-29,93.34
2010-01-30,91.81
2010-01-31,93.175
2010-02-01,90.26
2010-02-02,90.68
2010-02-03,87.53
2010-02-04,88.85
2010-02-05,88.79
2010-02-06,90.32
2010-02-07,97.25
2010-02-08,99.6
2010-02-09,100.48
2010-02-10,99.48
2010-02-11,79.5749999999999
2010-02-12,102.43
2010-02-13,101.54
2010-02-14,100.65
2010-02-15,99.76
2010-02-16,98.87
2010-02-17,100.215
2010-02-18,124.71
2010-02-19,97.44
2010-02-20,96.01333333333332
2010-02-21,94.58666666666666
2010-02-22,93.16
2010-02-23,95.33
2010-02-24,94.49
2010-02-25,92.81
2010-02-26,90.97
2010-02-27,77.42333333333333
2010-02-28,63.876666666666665
2010-03-01,50.33
2010-03-02,91.7
2010-03-03,92.81
2010-03-04,109.66
2010-03-05,93.69
2010-03-06,116.3
2010-03-07,103.55
2010-03-08,90.8
2010-03-09,196.495
2010-03-10,107.06
2010-03-11,188.9
2010-03-12,96.37
2010-03-13,145.61
2010-03-14,194.85
2010-03-15,100.31
2010-03-16,101.1
2010-03-17,99.955
2010-03-18,96.72
2010-03-19,101.555
2010-03-20,54.11
2010-03-21,60.32
2010-03-22,52.87
2010-03-23,53.1
2010-03-24,96.3
2010-03-25,97.78
2010-03-26,99.81
2010-03-27,100.25
2010-03-28,99.9
2010-03-29,99.14
2010-03-30,96.2
2010-03-31,94.38
2010-04-01,93.23
2010-04-02,91.89
2010-04-03,91.735
2010-04-04,92.89
2010-04-05,94.97
2010-04-06,147.855
2010-04-07,91.76
2010-04-08,92.725
2010-12-14,104.37
2010-12-15,94.59
2010-12-16,90.1649999999999
2010-12-17,94.44
2010-12-18,94.63
2010-12-19,94.89
2010-12-20,94.47
2010-12-21,92.955
2010-12-22,94.03
2010-12-23,94.78
2010-12-24,75.96
2010-12-25,88.405
2010-12-26,88.75
2010-12-27,90.75
2010-12-28,89.43
2010-12-29,91.775
2010-12-30,89.83
2010-12-31,93.145
2011-01-01,97.35
2011-01-02,98.52
2011-01-03,97.31
2011-01-04,99.86
2011-01-05,98.88
2011-01-06,95.035
2011-01-07,94.21
2011-01-08,92.8
2011-01-09,93.72
2011-01-10,90.93
2011-01-11,91.71
2011-01-12,89.28
2011-01-13,87.93
2011-01-14,91.735
2011-01-15,83.555
2011-01-16,83.62
2011-01-17,86.33
2011-01-18,90.86
2011-01-19,90.16
2011-01-20,90.25
2011-01-21,91.03
2011-01-22,93.38
2011-01-23,93.49
2011-01-24,91.31
2011-01-25,88.245
2011-01-26,89.35
2011-01-27,88.62
2011-01-28,89.63
2011-01-29,87.97
2011-01-30,79.11
2011-01-31,87.64
2011-02-01,86.91
2011-02-02,86.44
2011-02-03,84.53
2011-02-04,86.17
2011-02-05,86.96
2011-02-06,86.05
2011-02-07,86.37
2011-02-08,88.18
2011-02-09,94.95
2011-02-10,90.68
2011-02-11,90.84
2011-02-12,90.69
2011-02-13,95.58
2011-02-14,102.414999999999
2011-02-15,107.305
2011-02-16,108.65
2011-02-17,110.745
2011-02-18,111.03
2011-02-19,111.95
2011-02-20,106.515
2011-02-21,100.92
2011-02-22,96.94
2011-02-23,91.38
2011-02-24,89.98
2011-02-25,88.22
2011-02-26,89.67
2011-02-27,89.8
2011-02-28,89.45
2011-03-01,127.28
2011-03-02,138.08
2011-03-03,135.415
2011-03-04,146.41
2011-03-05,158.98
2011-03-06,154.985
2011-03-07,185.12
2011-03-08,200.84
2011-03-09,187.43
2011-03-10,170.63
2011-03-11,141.72
2011-03-12,137.70999999999998
2011-03-13,133.7
2011-03-14,126.7
2011-03-15,129.66
2011-03-16,125.92
2011-03-17,123.58
2011-03-18,108.56
2011-03-19,103.384999999999
2011-03-20,110.96
2011-03-21,110.695
2011-03-22,120.12
2011-03-23,130.39
2011-03-24,129.4
2011-03-25,114.23
2011-03-26,148.47
2011-03-27,154.24
2011-03-28,152.39
2011-03-29,151.87
2011-03-30,151.29
2011-03-31,143.93
2011-04-01,132.09
2011-04-02,123.175
2011-04-03,126.81
2011-04-04,137.71
2011-04-05,126.695
2011-04-06,125.71
2011-04-07,127.49
2011-04-08,126.52
2011-04-09,118.74
2011-04-10,122.58
2011-04-11,114.88
2011-04-12,118.414999999999
2011-04-13,122.015
2011-04-14,126.16
2011-04-15,130.87
2011-04-16,133.37
2011-04-17,126.68
2011-04-18,123.03
2011-04-19,121.3
2011-04-20,121.42
2011-04-21,122.25
2011-04-22,125.09
2011-04-23,127.93
2011-04-24,125.3
2011-04-25,125.29
2011-04-26,120.68
2011-04-27,124.68
2011-04-28,119.75
2011-04-29,122.78
2011-04-30,120.995
2011-05-01,120.84
2011-05-02,116.8
2011-05-03,121.07
2011-05-04,118.634999999999
2011-05-05,116.25
2011-05-06,117.83
2011-05-07,184.555
2011-05-08,113.49
2011-05-09,113.384999999999
2011-05-10,111.87
2011-05-11,111.44
2011-05-12,105.81
2011-05-13,104.28
2011-05-14,104.38
2011-05-15,104.93
2011-05-16,105.555
2011-05-17,103.82
2011-05-18,103.2
2011-05-19,100.025
2011-05-20,96.09
2011-05-21,234.9
2011-05-22,97.97
2011-05-23,98.99
2011-05-24,96.27
2011-05-25,94.12
2011-05-26,95.7
2011-05-27,99.03
2011-05-28,105.69
2011-05-29,116.71
2011-05-30,124.2
2011-05-31,126.26
2011-06-01,119.914999999999
2011-06-02,123.69
2011-06-03,119.76
2011-06-04,117.085
2011-06-05,114.26
2011-06-06,114.35
2011-06-07,110.17
2011-06-08,106.65
2011-06-09,105.02
2011-06-10,100.33
2011-06-11,101.08
2011-06-12,98.49
2011-06-13,99.985
2011-06-14,103.26
2011-06-15,109.88
2011-06-16,116.095
2011-06-17,115.75
2011-06-18,114.59
2011-06-19,110.86
2011-06-20,110.27
2011-06-21,118.93
2011-06-22,108.56
2011-12-28,132.01
2011-12-29,134.01
2011-12-30,131.31
2011-12-31,63.93
2012-01-01,64.93
2012-01-02,122.54
2012-01-03,123.51
2012-01-04,124.5
2012-01-05,125.22
2012-01-06,127.53
2012-01-07,127.19
2012-01-08,126.895
2012-01-09,126.6
2012-01-10,125.75
2012-01-11,117.69
2012-01-12,110.13
2012-01-13,112.81
2012-01-14,116.83833333333332
2012-01-15,120.86666666666667
2012-01-16,124.895
2012-01-17,128.315
2012-01-18,127.33
2012-01-19,126.64
2012-01-20,129.18
2012-01-21,125.2
2012-01-22,128.96
2012-01-23,128.905
2012-01-24,121.51
2012-01-25,116.98
2012-01-26,117.3
2012-01-27,114.45
2012-01-28,112.32
2012-01-29,107.02
2012-01-30,104.66
2012-01-31,97.95
2012-02-01,87.05
2012-02-02,90.08
2012-02-03,97.9149999999999
2012-02-04,87.99
2012-02-05,95.105
2012-02-06,92.65
2012-02-07,91.38
2012-02-08,92.5399999999999
2012-02-09,79.565
2012-02-10,64.21
2012-02-11,96.47
2012-02-12,95.89
2012-02-13,89.08
2012-02-14,96.49
2012-02-15,83.64
2012-02-16,80.215
2012-02-17,91.47
2012-02-18,83.21
2012-02-19,92.25
2012-02-20,95.16
2012-02-21,95.5449999999999
2012-02-22,94.46
2012-02-23,94.34
2012-02-24,94.79
2012-02-25,96.705
2012-02-26,60.01
2012-02-27,95.79
2012-02-28,93.035
2012-02-29,95.09
2012-03-01,98.88
2012-03-02,99.79
2012-03-03,103.72
2012-03-04,85.765
2012-03-05,112.824999999999
2012-03-06,120.89
2012-03-07,128.88
2012-03-08,123.52
2012-03-09,123.9
2012-03-10,126.414999999999
2012-03-11,121.65
2012-03-12,116.67
2012-03-13,116.0
2012-03-14,116.104999999999
2012-03-15,109.37
2012-03-16,104.09
2012-03-17,98.59
2012-03-18,98.85
2012-03-19,101.08
2012-03-20,100.505
2012-03-21,99.66
2012-03-22,99.065
2012-03-23,99.54
2012-03-24,101.555
2012-03-25,102.84
2012-03-26,99.21
2012-03-27,101.74
2012-03-28,102.39
2012-03-29,67.17
2012-03-30,105.664999999999
2012-03-31,107.08
2012-04-01,100.875
2012-04-02,69.84
2012-04-03,97.16
2012-04-04,96.67
2012-04-05,98.02
2012-04-06,95.54
2012-04-07,93.14
2012-04-08,89.93
2012-04-09,90.38
2012-04-10,90.765
2012-04-11,90.88
2012-04-12,92.91
2012-04-13,93.8
2012-04-14,63.845
2012-04-15,95.98
2012-04-16,98.08
2012-04-17,101.11
2012-04-18,108.07
2012-04-19,113.625
2012-04-20,78.18
2012-04-21,95.485
2012-04-22,106.46
2012-04-23,128.6
2012-04-24,81.02
2012-04-25,118.24
2012-04-26,114.7
2012-04-27,107.25
2012-04-28,109.16
2012-04-29,108.13
2012-04-30,108.61
2012-05-01,69.16
2012-05-02,67.71
2012-05-03,70.79
2012-05-04,110.89
2012-05-05,115.645
2012-05-06,114.24
2012-05-07,116.86
2012-05-08,115.91
2012-05-09,115.78
2012-05-10,119.71
2012-05-11,124.185
2012-05-12,125.22
2012-05-13,122.65
2012-05-14,116.74
2012-05-15,121.97
2012-05-16,119.97
2012-05-17,131.43
2012-06-02,121.24
2012-06-03,123.81
2012-06-04,123.1
2012-06-05,125.02
2012-06-06,126.94
2012-06-07,128.06
2012-06-08,122.52
2012-06-09,120.99
2012-06-10,121.11
2012-06-11,124.07
2012-06-12,129.39
2012-06-13,130.67
2012-06-14,132.33
2012-06-15,86.95
2012-06-16,82.8849999999999
2012-06-17,130.32
2012-06-18,121.9
2012-06-19,117.39
2012-06-20,67.61
2012-06-21,104.75
2012-06-22,99.46
2012-06-23,94.29
2012-06-24,92.32
2012-06-25,93.54
2012-06-26,98.14
2012-06-27,103.99
2012-06-28,111.36
2012-06-29,71.2
2012-06-30,109.18
2012-07-01,121.12
2012-07-02,127.67
2012-07-03,131.48
2012-07-04,138.415
2012-07-05,136.52
2012-07-06,113.75
2012-07-07,146.48
2012-07-08,153.64
2012-07-09,160.8
2012-07-10,160.72
2012-07-11,153.68
2012-07-12,96.76
2012-07-13,85.61
2012-07-14,143.09
2012-07-15,132.954999999999
2012-07-16,135.11
2012-07-17,81.1049999999999
2012-07-18,74.715
2012-07-19,96.58
2012-07-20,118.445
2012-07-21,116.89
2012-07-22,148.334999999999
2012-07-23,139.71
2012-07-24,111.86
2012-07-25,97.4799999999999
2012-07-26,98.43
2012-07-27,99.16
2012-07-28,85.84
2012-07-29,100.39
2012-07-30,100.04
2012-07-31,100.84
2012-08-01,104.22
2012-08-02,91.85
2012-08-03,124.81
2012-08-04,117.09
2012-08-05,103.84
2012-08-06,125.59
2012-08-07,123.81
2012-08-08,123.56
2012-08-09,127.95
2012-08-10,120.324999999999
2012-08-11,113.63
2012-08-12,106.66
2012-08-13,108.21
2012-08-14,105.875
2012-08-15,104.12
2012-08-16,100.06
2012-08-17,97.45
2012-08-18,98.83
2012-08-19,99.195
2012-08-20,98.515
2012-08-21,97.23
2012-08-22,92.91
2012-08-23,95.34
2012-08-24,96.975
2012-08-25,103.95
2012-08-26,106.955
2012-08-27,109.28
2012-08-28,107.675
2012-08-29,106.07
2012-08-30,110.025
2012-08-31,124.805
2012-09-01,128.98
2012-09-02,132.3
2012-09-03,127.34
2012-09-04,121.32
2012-09-05,124.9
2012-09-06,112.755
2012-09-07,114.445
2012-09-08,119.08
2012-09-09,117.245
2012-09-10,105.735
2012-09-11,101.854999999999
2012-09-12,97.51
2012-09-13,100.57
2012-09-14,95.11
2012-09-15,94.81
2012-09-16,91.89
2012-09-17,86.595
2012-09-18,96.4
2012-09-19,92.39
2012-09-20,99.755
2012-09-21,101.08
2012-09-22,104.48
2012-09-23,104.76
2012-09-24,116.51
2012-09-25,118.81
2012-09-26,116.92
2012-09-27,115.96
2012-09-28,114.6
2012-09-29,119.085
2012-09-30,111.58
2012-10-01,119.095
2012-10-02,112.86
2012-10-03,102.93
2012-10-04,104.47
2012-10-05,100.96
2012-10-06,97.76
2012-10-07,96.46
2012-10-08,96.48
2012-10-09,99.33
2012-10-10,105.645
2012-10-11,105.4
2012-10-12,108.43
2012-10-13,109.7
2012-10-14,114.86
2012-10-15,123.46
2012-10-16,127.355
2012-10-17,126.15
2012-10-18,128.72
2012-10-19,139.29
2012-10-20,133.0
2012-10-21,132.82
2012-10-22,135.76
2012-10-23,134.34
2012-10-24,129.5
2012-10-25,128.44
2012-10-26,124.52
2012-10-27,118.46
2012-10-28,108.37
2012-10-29,109.64
2012-10-30,108.01
2012-10-31,110.38
2012-11-01,101.16
2012-11-02,103.73
2012-11-03,100.39
2012-11-04,97.59
2012-11-05,104.09
2012-11-06,101.574999999999
2012-11-07,103.505
2012-11-08,104.95
2012-11-09,107.3
2012-11-10,110.84
2012-11-11,116.24
2012-11-12,129.07
2012-11-13,128.96
2012-11-14,134.11
2012-11-15,129.435
2012-11-16,131.4
2012-11-17,129.085
2012-11-18,123.17
2012-11-19,122.945
2012-11-20,123.2775
2012-11-21,123.61
2012-11-22,120.56
2012-11-23,122.42
2012-11-24,116.685
2012-11-25,115.67
2012-11-26,115.52
2012-11-27,114.56
2012-11-28,104.19
2012-11-29,108.1
2012-11-30,109.71
2012-12-01,98.79
2012-12-02,97.12
2012-12-03,99.92
2012-12-04,97.595
2012-12-05,98.24
2012-12-06,81.775
2012-12-07,93.65
2012-12-08,94.09
2012-12-09,98.36
2012-12-10,98.155
2012-12-11,100.65
2012-12-12,106.01
2012-12-13,110.15
2012-12-14,112.52
2012-12-15,118.12
2012-12-16,117.79
2012-12-17,119.205
2012-12-18,115.44
2012-12-19,112.9
2012-12-20,110.49
2012-12-21,110.98
2012-12-22,110.9
2012-12-23,114.57
2012-12-24,108.78
2012-12-25,109.87
2012-12-26,107.185
2012-12-27,106.16
2012-12-28,104.98
2012-12-29,104.835
2012-12-30,100.655
2012-12-31,106.18
2013-01-01,108.0
2013-01-02,110.32
2013-01-03,111.19
2013-01-04,118.96
2013-01-05,126.27
2013-01-06,126.53
2013-01-07,126.51
2013-01-08,133.79
2013-01-09,132.18
2013-01-10,136.695
2013-01-11,136.88
2013-01-12,144.23
2013-01-13,136.83
2013-01-14,133.38
2013-01-15,125.11
2013-01-16,119.074999999999
2013-01-17,112.46
2013-01-18,107.67
2013-01-19,104.15
2013-01-20,99.15
2013-01-21,96.71
2013-01-22,102.18
2013-01-23,100.655
2013-01-24,96.85
2013-01-25,77.01
2013-01-26,90.41
2013-01-27,91.475
2013-01-28,93.48
2013-01-29,94.17
2013-01-30,93.21
2013-01-31,94.985
2013-02-01,98.0
2013-02-02,100.95
2013-02-03,99.1
2013-02-04,102.35
2013-02-05,97.91
2013-02-06,89.69
2013-02-07,93.52
2013-02-08,92.59
2013-02-09,94.455
2013-02-10,97.56
2013-02-11,96.12
2013-02-12,97.22
2013-02-13,97.07
2013-02-14,93.9
2013-02-15,93.745
2013-02-16,93.75
2013-02-17,98.36
2013-02-18,96.88
2013-02-19,98.39
2013-02-20,101.995
2013-02-21,103.11
2013-02-22,99.525
2013-02-23,95.62
2013-02-24,91.935
2013-02-25,94.975
2013-02-26,101.98
2013-02-27,105.53
2013-02-28,108.98
2013-03-01,102.31
2013-03-02,106.7
2013-03-03,106.1
2013-03-04,105.75
2013-03-05,106.82
2013-03-06,107.77
2013-03-07,109.64
2013-03-08,106.51
2013-03-09,105.19
2013-03-10,116.84
2013-03-11,110.65
2013-03-12,113.095
2013-03-13,119.07
2013-03-14,114.04
2013-03-15,115.58
2013-03-16,111.99
2013-03-17,113.615
2013-03-18,120.12
2013-03-19,115.965
2013-03-20,120.1
2013-03-21,117.51
2013-03-22,110.43
2013-03-23,109.36
2013-03-24,107.02
2013-03-25,103.995
2013-03-26,102.63
2013-03-27,101.05
2013-03-28,108.07
2013-03-29,110.725
2013-03-30,117.15
2013-03-31,117.61
2013-04-01,120.85
2013-04-02,122.73
2013-04-03,132.12
2013-04-04,129.41
2013-04-05,134.69
2013-04-06,145.0
2013-04-07,140.83
2013-04-08,141.755
2013-04-09,156.445
2013-04-10,150.0
2013-04-11,136.86
2013-04-12,136.665
2013-04-13,138.58
2013-04-14,131.43
2013-04-15,118.67
2013-04-16,116.93
2013-04-17,123.985
2013-04-18,113.33
2013-04-19,109.61
2013-04-20,110.62
2013-04-21,117.78
2013-04-22,118.28
2013-04-23,130.765
2013-04-24,124.83
2013-04-25,121.245
2013-04-26,130.615
2013-04-27,131.46
2013-04-28,129.86
2013-04-29,153.95
2013-04-30,155.96
2013-05-01,164.055
2013-05-02,156.54
2013-05-03,154.95
2013-05-04,147.62
2013-05-05,144.28
2013-05-06,140.94
2013-05-07,138.435
2013-05-08,140.945
2013-05-09,134.61
2013-05-10,113.495
2013-05-11,127.17
2013-05-12,143.67
2013-05-13,162.82
2013-07-19,129.73
2013-07-20,128.99
2013-07-21,127.46
2013-07-22,126.12
2013-07-23,112.14
2013-07-24,123.895
2013-07-25,125.52250000000001
2013-07-26,127.15
2013-07-27,127.85
2013-07-28,131.09
2013-07-29,130.56
2013-07-30,133.19
2013-07-31,132.17
2013-08-01,128.57
2013-08-02,131.49
2013-08-03,132.015
2013-08-04,127.01
2013-08-05,125.805
2013-08-06,126.45
2013-08-07,123.65
2013-08-08,124.14
2013-08-09,124.88
2013-08-10,123.74
2013-08-11,126.88499999999999
2013-08-12,130.03
2013-08-13,135.56
2013-08-14,142.78
2013-08-15,139.19
2013-08-16,142.13
2013-08-17,141.14
2013-08-18,144.235
2013-08-19,147.55
2013-08-20,148.215
2013-08-21,150.25
2013-08-22,147.72
2013-08-23,149.92
2013-08-24,142.265
2013-08-25,134.35
2013-08-26,131.8
2013-08-27,131.43
2013-08-28,127.8
2013-08-29,126.05
2013-08-30,141.46
2013-08-31,128.46
2013-09-01,124.88
2013-09-02,123.5
2013-09-03,125.36
2013-09-04,127.24
2013-09-05,129.18
2013-09-06,126.52
2013-09-07,119.735
2013-09-08,117.52
2013-09-09,115.54
2013-09-10,114.29
2013-09-11,113.21
2013-09-12,112.18
2013-09-13,112.98
2013-09-14,112.815
2013-09-15,112.65
2013-09-16,113.41
2013-09-17,115.74
2013-09-18,120.28
2013-09-19,125.06
2013-09-20,127.13
2013-09-21,130.065
2013-09-22,130.88
2013-09-23,129.755
2013-09-24,126.03
2013-09-25,130.11
2013-09-26,132.72
2013-09-27,128.58
2013-09-28,127.02
2013-09-29,122.71
2013-09-30,130.19
2013-10-01,126.88
2013-10-02,126.82
2013-10-03,132.16
2013-10-04,131.47
2013-10-05,126.66
2013-10-06,124.93
2013-10-07,128.69
2013-10-08,128.18
2013-10-09,134.44
2013-10-10,136.35
2013-10-11,142.79
2013-10-12,148.49
2013-10-13,150.05
2013-10-14,145.12
2013-10-15,146.28
2013-10-16,142.12
2013-10-17,150.485
2013-10-18,154.23
2013-10-19,155.6
2013-10-20,151.35
2013-10-21,153.99
2013-10-22,153.04
2013-10-23,165.96
2013-10-24,173.65
2013-10-25,178.87
2013-10-26,175.94
2013-10-27,174.17
2013-10-28,187.15
2013-10-29,176.61
2013-10-30,166.14
2013-10-31,158.91
2013-11-01,157.54
2013-11-02,154.175
2013-11-03,158.61
2013-11-04,160.545
2013-11-05,167.875
2013-11-06,170.954999999999
2013-11-07,170.49
2013-11-08,166.33
2013-11-09,159.8
2013-11-10,162.77
2013-11-11,175.17
2013-11-12,186.04
2013-11-13,184.36
2013-11-14,190.83
2013-11-15,191.95
2013-11-16,195.87
2013-11-17,195.735
2013-11-18,193.805
2013-11-19,179.37
2013-11-20,171.08
2013-11-21,162.84
2013-11-22,161.2
2013-11-23,163.49
2013-11-24,156.56
2013-11-25,142.53
2013-11-26,136.32
2013-11-27,120.53
2013-11-28,154.38
2013-11-29,148.42
2013-11-30,148.03
2013-12-01,150.625
2013-12-02,153.22
2013-12-03,152.225
2013-12-04,159.27
2013-12-05,163.58
2013-12-06,172.22
2013-12-07,173.61
2013-12-08,178.36
2013-12-09,177.79
2013-12-10,192.21
2013-12-11,193.12
2013-12-12,189.43
2013-12-13,178.43
2013-12-14,180.26
2013-12-15,183.62
2013-12-16,178.8
2013-12-17,178.75
2013-12-18,176.58
2013-12-19,177.1
2013-12-20,172.36
2013-12-21,168.8
2013-12-22,162.33
2013-12-23,160.34
2013-12-24,155.99
2013-12-25,147.51
2013-12-26,144.48
2013-12-27,144.59
2013-12-28,150.84
2013-12-29,161.01
2013-12-30,156.245
2013-12-31,165.16
2014-01-01,174.875
2014-01-02,184.59
2014-01-03,186.13
2014-01-04,199.36
2014-01-05,228.075
2014-01-06,229.11
2014-01-07,223.44
2014-01-08,220.84
2014-01-09,212.8
2014-01-10,202.06
2014-01-11,194.22
2014-01-12,186.38
2014-01-13,172.51
2014-01-14,164.82
2014-01-15,154.12
2014-01-16,144.59
2014-01-17,148.82
2014-01-18,145.39
2014-01-19,148.94
2014-01-20,148.84
2014-01-21,155.715
2014-01-22,162.59
2014-01-23,158.77
2014-01-24,154.34
2014-01-25,153.63
2014-01-26,152.28
2014-01-27,155.95
2014-01-28,164.38
2014-01-29,176.19
2014-01-30,175.39
2014-01-31,179.38
2014-02-01,182.14
2014-02-02,193.99
2014-02-03,206.6
2014-02-04,218.835
2014-02-05,210.315
2014-02-06,217.695
2014-02-07,206.4
2014-02-08,193.57
2014-02-09,179.295
2014-02-10,188.03
2014-02-11,179.52
2014-02-12,183.71
2014-02-13,182.9
2014-02-14,185.17
2014-02-15,186.05
2014-02-16,179.885
2014-02-17,171.135
2014-02-18,176.46
2014-02-19,170.55
2014-02-20,173.18
2014-02-21,172.73
2014-02-22,175.245
2014-02-23,181.69
2014-02-24,189.15
2014-02-25,198.35
2014-02-26,194.46
2014-02-27,192.59
2014-02-28,186.76
2014-03-01,181.16
2014-03-02,178.67
2014-03-03,180.875
2014-03-04,174.63
2014-03-05,175.53
2014-03-06,165.28
2014-03-07,162.53
2014-03-08,160.85
2014-03-09,163.76
2014-03-10,166.67
2014-03-11,169.58
2014-03-12,165.615
2014-03-13,165.23
2014-03-14,162.43
2014-03-15,162.35
2014-03-16,154.13
2014-03-17,153.91
2014-03-18,150.375
2014-03-19,155.93
2014-03-20,164.74
2014-03-21,164.575
2014-03-22,165.48
2014-03-23,173.225
2014-03-24,171.39
2014-03-25,168.545
2014-03-26,163.38
2014-03-27,164.88
2014-03-28,157.86
2014-03-29,158.87
2014-03-30,156.015
2014-03-31,163.44
2014-04-01,163.64
2014-04-02,167.77999999999997
2014-04-03,171.92
2014-07-01,160.77
2014-07-02,171.28
2014-07-03,186.25
2014-07-04,194.78
2014-07-05,206.7
2014-07-06,217.045
2014-07-07,214.01
2014-07-08,209.935
2014-07-09,212.76
2014-07-10,199.5
2014-07-11,192.1
2014-07-12,174.6
2014-07-13,150.83
2014-07-14,136.075
2014-07-15,120.795
2014-07-16,113.845
2014-07-17,105.86
2014-07-18,102.12
2014-07-19,107.84
2014-07-20,107.07
2014-07-21,107.01
2014-07-22,109.57
2014-07-23,108.59
2014-07-24,120.17
2014-07-25,123.38
2014-07-26,126.16
2014-07-27,134.075
2014-07-28,140.49
2014-07-29,148.45
2014-07-30,158.06
2014-07-31,165.49
2014-08-01,173.44
2014-08-02,165.459999999999
2014-08-03,156.97
2014-08-04,156.23
2014-08-05,147.665
2014-08-06,144.67
2014-08-07,144.75
2014-08-08,141.36
2014-08-09,136.644999999999
2014-08-10,129.12
2014-08-11,125.1
2014-08-12,122.1
2014-08-13,122.9
2014-08-14,118.945
2014-08-15,123.28
2014-08-16,125.42
2014-08-17,125.15
2014-08-18,123.1
2014-08-19,121.29
2014-08-20,123.54
2014-08-21,129.63
2014-08-22,138.64
2014-08-23,139.755
2014-08-24,140.35
2014-08-25,144.32
2014-08-26,141.425
2014-08-27,139.654999999999
2014-08-28,131.305
2014-08-29,131.15
2014-08-30,139.625
2014-08-31,141.11
2014-09-01,139.97
2014-09-02,144.85
2014-09-03,148.204999999999
2014-09-04,158.04
2014-09-05,160.06
2014-09-06,162.94
2014-09-07,168.9
2014-09-08,171.085
2014-09-09,177.07
2014-09-10,175.29
2014-09-11,166.61
2014-09-12,168.649999999999
2014-09-13,169.04
2014-09-14,169.44
2014-09-15,158.87
2014-09-16,151.37
2014-09-17,149.66
2014-09-18,143.46
2014-09-19,138.615
2014-09-20,135.81
2014-09-21,137.67
2014-09-22,144.35
2014-09-23,151.42
2014-09-24,152.87
2014-09-25,165.235
2014-09-26,182.5
2014-09-27,192.215
2014-09-28,201.97
2014-09-29,188.795
2014-09-30,188.37
2014-10-01,178.265
2014-10-02,170.16
2014-10-03,162.88
2014-10-04,142.66
2014-10-05,136.095
2014-10-06,138.68
2014-10-07,138.005
2014-10-08,133.595
2014-10-09,139.82
2014-10-10,129.72
2014-10-11,134.85
2014-10-12,132.64
2014-10-13,131.23
2014-10-14,136.93
2014-10-15,166.7
2014-10-16,145.22
2014-10-17,161.69
2014-10-18,159.43
2014-10-19,179.84
2014-10-20,180.97
2014-10-21,188.57
2014-10-22,217.51
2014-10-23,218.95
2014-10-24,230.85
2014-10-25,231.87
2014-10-26,233.01
2014-10-27,222.12
2014-10-28,209.34
2014-10-29,191.47
2014-10-30,170.12
2014-10-31,149.39
2014-11-01,144.595
2014-11-02,139.8
2014-11-03,143.6
2014-11-04,144.63
2014-11-05,149.91
2014-11-06,158.69
2014-11-07,161.25
2014-11-08,60.91
2014-11-09,61.31
2014-11-10,150.09
2014-11-11,156.37
2014-11-12,163.09
2014-11-13,166.64
2014-11-14,172.36
2014-11-15,173.51
2014-11-16,176.29
2014-11-17,181.06
2014-11-18,178.55
2014-11-19,185.03
2014-11-20,185.21
2014-11-21,180.41
2014-11-22,180.12
2014-11-23,128.44
2014-11-24,186.73
2014-11-25,180.79
2014-11-26,182.96
2014-11-27,185.0075
2014-11-28,187.055
2014-11-29,204.745
2014-11-30,199.48250000000002
2014-12-01,194.22
2014-12-02,190.63
2014-12-03,186.71
2014-12-04,174.87
2014-12-05,162.21
2014-12-06,89.85
2014-12-07,77.45
2014-12-08,130.71
2015-03-09,88.29
2015-03-10,139.41
2015-03-11,134.47
2015-03-12,144.94
2015-03-13,138.425
2015-03-14,133.74
2015-03-15,149.26
2015-03-16,133.68
2015-03-17,130.73
2015-03-18,129.7
2015-03-19,126.78
2015-03-20,133.77
2015-03-21,125.37
2015-03-22,129.5
2015-03-23,138.68
2015-03-24,146.57
2015-03-25,151.01
2015-03-26,152.4
2015-03-27,152.38
2015-03-28,155.27
2015-03-29,162.95
2015-03-30,153.44
2015-03-31,135.62
2015-04-01,131.55
2015-04-02,127.48
2015-04-03,126.84
2015-04-04,126.37
2015-04-05,133.74
2015-04-06,134.29
2015-04-07,132.78
2015-04-08,125.49
2015-04-09,121.29
2015-04-10,127.29
2015-04-11,132.87
2015-04-12,144.11
2015-04-13,155.02
2015-04-14,147.29
2015-04-15,150.935
2015-04-16,156.15
2015-04-17,150.43
2015-04-18,153.165
2015-04-19,148.875
2015-04-20,158.78
2015-04-21,163.225
2015-04-22,169.644999999999
2015-04-23,160.71
2015-04-24,154.17
2015-04-25,146.825
2015-04-26,142.19
2015-04-27,132.13
2015-04-28,118.77
2015-04-29,113.28
2015-04-30,115.925
2015-05-01,116.02
2015-05-02,114.08
2015-05-03,116.68
2015-05-04,129.57
2015-05-05,139.09
2015-05-06,148.385
2015-05-07,150.42
2015-05-08,159.3
2015-05-09,167.454999999999
2015-05-10,168.9
2015-05-11,175.81
2015-05-12,175.53
2015-05-13,169.48
2015-05-14,163.18
2015-05-15,155.54
2015-05-16,148.46
2015-05-17,140.105
2015-05-18,133.83
2015-05-19,131.81
2015-05-20,127.15
2015-05-21,122.134999999999
2015-05-22,119.86
2015-05-23,118.89
2015-05-24,118.805
2015-05-25,116.4
2015-05-26,116.39
2015-05-27,114.125
2015-05-28,110.98
2015-05-29,111.31
2015-05-30,107.79
2015-05-31,112.44
2015-06-01,111.875
2015-06-02,118.095
2015-06-03,120.59
2015-06-04,130.08
2015-06-05,134.13
2015-06-06,143.87
2015-06-07,151.04
2015-06-08,152.02
2015-06-09,148.38
2015-06-10,150.11
2015-06-11,148.89
2015-06-12,155.13
2015-06-13,151.98333333333332
2015-06-14,148.83666666666667
2015-06-15,145.69
2015-06-16,152.54
2015-06-17,153.14
2015-06-18,160.66
2015-06-19,154.96
2015-06-20,147.57
2015-06-21,171.29
2015-06-22,157.615
2015-06-23,139.08
2015-06-24,134.49
2015-06-25,126.86
2015-06-26,116.164999999999
2015-06-27,116.05
2015-06-28,114.2
2015-06-29,114.73
2015-06-30,115.59
2015-07-01,119.75
2015-07-02,128.81
2015-07-03,129.07
2015-07-04,130.16
2015-07-05,131.62
2015-07-06,143.68
2015-07-07,145.55
2015-07-08,145.6
2015-07-09,144.08
2015-07-10,140.65
2015-07-11,144.855
2015-07-12,122.615
2015-07-13,130.41
2015-07-14,126.56
2015-07-15,122.63
2015-07-16,118.36
2015-07-17,117.95
2015-07-18,114.75
2015-07-19,112.48
2015-07-20,116.52
2015-07-21,111.76
2015-07-22,108.92
2015-07-23,108.16
2015-07-24,106.35
2015-07-25,113.6
2015-07-26,114.625
2015-07-27,115.65
2015-07-28,120.47
2015-07-29,117.65
2015-07-30,119.43
2015-07-31,121.965
2016-04-01,99.93
2016-04-02,99.93
2016-04-03,98.77
2016-04-04,101.725
2016-04-05,99.16
2016-04-06,100.63
2016-04-07,104.03
2016-04-08,110.24
2016-04-09,115.95
2016-04-10,123.24
2016-04-11,129.135
2016-04-12,126.585
2016-04-13,124.6
2016-04-14,128.255
2016-04-15,129.38
2016-04-16,130.2
2016-04-17,124.17
2016-04-18,121.15
2016-04-19,71.26
2016-04-20,104.26
2016-04-21,96.91
2016-04-22,94.49
2016-04-23,95.07
2016-04-24,98.11
2016-04-25,99.41
2016-04-26,101.78
2016-04-27,106.07
2016-04-28,109.59
2016-04-29,111.93
2016-04-30,110.02
2016-05-01,112.5
2016-05-02,111.035
2016-05-03,107.51
2016-05-04,108.85
2016-05-05,108.1
2016-05-06,103.57
2016-05-07,104.69
2016-05-08,103.27
2016-05-09,99.145
2016-05-10,103.265
2016-05-11,106.09
2016-05-12,108.61
2016-05-13,108.24
2016-05-14,114.005
2016-05-15,119.07
2016-05-16,119.09
2016-05-17,119.195
2016-05-18,120.08
2016-05-19,117.854999999999
2016-05-20,116.15
2016-05-21,116.89
2016-05-22,114.29
2016-05-23,113.74
2016-05-24,106.68
2016-05-25,109.84
2016-05-26,108.76
2016-05-27,106.09
2016-05-28,106.23
2016-05-29,101.37
2016-05-30,101.41
2016-05-31,102.25
2016-06-01,102.98
2016-06-02,103.98
2016-06-03,101.64
2016-06-04,99.39
2016-06-05,96.77
2016-06-06,95.65
2016-06-07,94.46
2016-06-08,96.22
2016-06-09,99.155
2016-06-10,103.02
2016-06-11,103.75
2016-06-12,108.76
2016-06-13,109.26
2016-06-14,106.62
2016-06-15,104.24
2016-06-16,103.59
2016-06-17,103.15
2016-06-18,102.38
2016-06-19,102.47
2016-06-20,100.4
2016-06-21,100.37
2016-06-22,97.98
2016-06-23,96.31
2016-06-24,93.53
2016-06-25,94.215
2016-06-26,95.24
2016-06-27,93.88
2016-06-28,92.15
2016-06-29,91.6
2016-06-30,91.29
2016-07-01,90.31
2016-07-02,89.34
2016-07-03,88.5
2016-07-04,84.06
2016-07-05,88.495
2016-07-06,94.465
2016-07-07,97.96
2016-07-08,102.75
2016-07-09,105.37
2016-07-10,112.05
2016-07-11,111.384999999999
2016-07-12,110.57
2016-07-13,110.13
2016-07-14,109.24
2016-07-15,114.14
2016-07-16,115.36
2016-07-17,118.96
2016-07-18,127.18
2016-07-19,125.61
2016-07-20,125.8
2016-07-21,130.62
2016-07-22,115.205
2016-07-23,109.19
2016-07-24,100.85
2016-07-25,96.47
2016-07-26,90.94
2016-07-27,89.34
2016-07-28,88.44
2016-07-29,77.055
2016-07-30,87.9
2016-07-31,89.39
2016-08-01,89.21
2016-08-02,89.83
2016-08-03,91.43
2016-08-04,92.54
2016-08-05,95.66
2016-08-06,99.3
2016-08-07,104.83
2016-08-08,112.975
2016-08-09,112.78
2016-08-10,109.83
2016-08-11,111.5
2016-08-12,111.27
2016-08-13,109.69
2016-08-14,107.25
2016-08-15,105.93
2016-08-16,103.43
2016-08-17,102.045
2016-08-18,99.73
2016-08-19,98.6
2016-08-20,97.74
2016-08-21,96.01
2016-08-22,94.74
2016-08-23,98.58
2016-08-24,98.02
2016-08-25,96.68
2016-08-26,97.56
2016-08-27,99.88
2016-08-28,100.61
2016-08-29,105.35
2016-08-30,107.5
2016-08-31,112.44
2016-09-01,111.92
2016-09-02,113.81
2016-09-03,114.21
2016-09-04,113.98
2016-09-05,110.73
2016-09-06,108.37
2016-09-07,109.53
2016-09-08,107.85
2016-09-09,109.34
2016-09-10,108.4
2016-09-11,107.49
2016-09-12,103.58
2016-09-13,103.56
2016-09-14,102.13
2016-09-15,102.0
2016-09-16,101.35
2016-09-17,100.33
2016-09-18,99.24
2016-09-19,99.26
2016-09-20,100.52
2016-09-21,102.34
2016-09-22,99.64
2016-09-23,100.39
2016-09-24,102.42
2016-09-25,99.64
2016-09-26,99.78
2016-09-27,103.29
2016-09-28,102.02
2016-09-29,99.48
2016-09-30,98.04
2016-10-01,97.56
2016-10-02,97.08
2016-10-03,101.36
2016-10-04,106.71
2016-10-05,109.38
2016-10-06,114.82
2016-10-07,119.335
2016-10-08,120.17
2016-10-09,118.02
2016-10-10,118.9
2016-10-11,115.99
2016-10-12,114.59
2016-10-13,113.61
2016-10-14,110.7
2016-10-15,107.32
2016-10-16,100.695
2016-10-17,98.11
2016-10-18,95.64
2016-10-19,96.53
2016-10-20,94.7
2016-10-21,94.08
2016-10-22,95.92
2016-10-23,95.065
2016-10-24,94.55
2016-10-25,94.63
2016-10-26,94.44
2016-10-27,78.66833333333334
2016-10-28,94.05999999999999
2016-10-29,93.87
2016-10-30,93.67999999999999
2016-10-31,93.49
2016-11-01,94.07499999999999
2016-11-02,94.66
2016-11-03,92.5
2016-11-04,92.57
2016-11-05,93.67
2016-11-06,94.77
2016-11-07,95.87
2016-11-08,94.53
2016-11-09,96.01
2016-11-10,97.445
2016-11-11,95.9
2016-11-12,94.495
2016-11-13,94.86
2016-11-14,94.96
2016-11-15,95.32
2016-11-16,95.06
2016-11-17,96.5
2016-11-18,95.39
2016-11-19,95.39
2016-11-20,94.8249999999999
2016-11-21,93.95
2016-11-22,93.79
2016-11-23,92.64
2016-11-24,94.16
2016-12-05,101.94
2016-12-06,98.23
2016-12-07,96.44
2016-12-08,93.22
2016-12-09,92.78
2016-12-10,89.36
2016-12-11,88.15
2016-12-12,87.85
2016-12-13,88.6
2016-12-14,88.94
2016-12-15,89.07
2016-12-16,88.86
2016-12-17,89.53
2016-12-18,89.12
2016-12-19,90.56
2016-12-20,90.79
2016-12-21,92.66
2016-12-22,93.17
2016-12-23,92.38
2016-12-24,91.235
2016-12-25,90.21
2016-12-26,89.61
2016-12-27,90.62
2016-12-28,89.39
2016-12-29,90.83
2016-12-30,90.46
2016-12-31,90.45
2017-01-01,90.835
2017-01-02,90.33
2017-01-03,90.46
2017-01-04,91.1
2017-01-05,90.75
2017-01-06,91.43
2017-01-07,89.85
2017-01-08,89.545
2017-01-09,89.55
2017-01-10,88.84
2017-01-11,90.3
2017-01-12,91.23
2017-01-13,91.93
2017-01-14,91.63
2017-01-15,93.96
2017-01-16,95.29
2017-01-17,95.36
2017-01-18,95.63
2017-01-19,95.64
2017-01-20,97.76
2017-01-21,102.35
2017-01-22,105.22
2017-01-23,101.97
2017-01-24,98.75
2017-01-25,100.98
2017-01-26,101.45
2017-01-27,97.49
2017-01-28,96.92
2017-01-29,94.68
2017-01-30,89.9
2017-01-31,91.77
2017-02-01,92.59249999999994
2017-02-02,93.4149999999999
2017-02-03,92.59
2017-02-04,92.545
2017-02-05,90.71
2017-02-06,89.715
2017-02-07,89.25
2017-02-08,89.99
2017-02-09,93.11
2017-02-10,92.06
2017-02-11,92.705
2017-02-12,93.18
2017-02-13,91.71
2017-02-14,92.63
2017-02-15,91.53
2017-02-16,91.65
2017-02-17,91.21
2017-02-18,90.09
2017-02-19,94.05
2017-02-20,95.23
2017-02-21,97.57
2017-02-22,97.56
2017-02-23,99.94
2017-02-24,98.1
2017-02-25,97.23
2017-02-26,95.81
2017-02-27,97.06
2017-02-28,99.45
2017-03-01,96.21
2017-03-02,96.21
2017-03-03,95.87
2017-03-04,93.05
2017-03-05,91.958
2017-03-06,90.866
2017-03-07,89.774
2017-03-08,88.682
2017-03-09,87.59
2017-03-10,87.11
2017-03-11,87.49
2017-03-12,87.3
2017-03-13,86.645
2017-03-14,86.31
2017-03-15,86.695
2017-03-16,86.01
2017-03-17,86.03
2017-03-18,86.05
2017-03-19,86.97
2017-03-20,87.09
2017-03-21,87.59
2017-03-22,87.08
2017-03-23,88.17
2017-03-24,88.11
2017-03-25,87.58
2017-03-26,89.61
2017-03-27,94.19
2017-03-28,97.97
2017-03-29,101.59
2017-03-30,100.96
2017-03-31,100.84
2017-04-01,100.84
2017-04-02,111.76
2017-04-03,122.68
2017-04-04,117.3
2017-04-05,105.51
2017-04-06,97.96
2017-04-07,93.43
2017-04-08,89.84
2017-04-09,88.26
2017-04-10,89.3
2017-04-11,88.79
2017-04-12,88.48
2017-04-13,87.55
2017-04-14,87.85
2017-04-15,87.58
2017-04-16,87.95
2017-04-17,90.63
2017-04-18,90.28
2017-04-19,92.285
2017-04-25,96.36
2017-04-26,96.39
2017-04-27,94.35
2017-04-28,93.57
2017-04-29,93.97
2017-04-30,95.14
2017-05-01,92.76
2017-05-02,91.51
2017-05-03,88.86
2017-05-04,91.3
2017-05-05,91.91
2017-05-06,88.33
2017-05-07,86.96
2017-05-08,87.31
2017-05-09,86.12
2017-05-10,84.8
2017-05-11,84.89
2017-05-12,85.32
2017-05-13,85.775
2017-05-14,85.87
2017-05-15,86.13
2017-05-16,87.22
2017-05-17,87.89
2017-05-18,89.03
2017-05-19,89.67
2017-05-20,88.69
2017-05-21,88.81
2017-05-22,90.24
2017-05-23,91.43
2017-05-24,92.17
2017-05-25,93.06
2017-05-26,93.76
2017-05-27,96.01
2017-05-28,96.47
2017-05-29,93.63
2017-05-30,90.85
2017-05-31,89.24
2017-06-01,92.04
2017-06-02,93.005
2017-06-03,93.13
2017-06-04,93.85
2017-06-05,94.05
2017-06-06,94.005
2017-06-07,93.51
2017-06-08,89.92
2017-06-09,89.44
2017-06-10,90.15
2017-06-11,91.34
2017-06-12,91.4
2017-06-13,91.71
2017-06-14,91.88999999999999
2017-06-15,92.07
2017-06-16,91.36
2017-06-17,91.03
2017-06-18,90.68
2017-06-19,89.97
2017-06-20,91.07
2017-06-21,89.99
2017-06-22,91.12
2017-06-23,91.15
2017-06-24,89.46
2017-06-25,89.43
2017-06-26,89.82
2017-06-27,91.02
2017-06-28,90.2
2017-06-29,88.69
2017-06-30,87.905
2017-07-01,88.21
2017-07-02,87.43
2017-07-03,60.82
2017-07-04,89.185
2017-07-05,89.19
2017-07-06,90.59
2017-07-07,93.15
2017-07-08,98.8
2017-07-09,103.93
2017-07-10,102.9
2017-07-11,108.19
2017-07-12,108.77
2017-07-13,109.06
2017-07-14,137.845
2017-07-15,106.27
2017-07-16,135.79
2017-07-17,101.45
2017-07-18,97.72
2017-07-19,95.34
2017-07-20,89.97
2017-07-21,87.64
2017-07-22,86.06
2017-07-23,85.01
2017-07-24,86.16
2017-07-25,87.32
2017-07-26,86.71
2017-07-27,85.9
2017-07-28,80.41
2017-07-29,86.78
2017-07-30,87.17
2017-07-31,89.035
2017-08-01,90.9
2017-08-02,91.24
2017-08-03,92.2
2017-08-04,92.6649999999999
2017-08-05,91.95
2017-08-06,89.58
2017-08-07,87.21
2017-08-08,84.84
2017-08-09,87.14
2017-08-10,88.24
2017-08-11,88.31
2017-08-12,87.78
2017-08-13,87.21
2017-08-14,85.38
2017-08-15,86.99
2017-08-16,90.91
2017-08-17,94.19
2017-08-18,95.82
2017-08-19,101.46
2017-08-20,103.52
2017-08-21,103.58
2017-08-22,105.44
2017-08-23,102.5
2017-08-24,101.91
2017-08-25,98.41
2017-08-26,96.96
2017-08-27,94.21
2017-08-28,94.18
2017-08-29,99.115
2017-08-30,101.45
2017-08-31,103.89
2017-09-01,108.45
2017-09-02,111.39
2017-09-03,123.46
2017-09-04,141.98
2017-09-05,149.8
2017-09-06,138.79
2017-09-07,140.485
2017-09-08,137.83
2017-09-09,128.79
2017-09-10,123.14
2017-09-11,106.29
2017-09-12,94.58
2017-09-13,92.84
2017-09-14,90.59
2017-09-15,89.79
2017-09-16,87.95
2017-09-17,87.59
2017-09-18,87.73
2017-09-19,86.89
2017-09-20,88.18
2017-09-21,89.24
2017-09-22,90.7
2017-09-23,93.38
2017-09-24,96.49
2017-09-25,100.375
2017-09-26,104.26
2017-09-27,105.604999999999
2017-09-28,104.16
2017-09-29,102.53
2017-09-30,102.53
2017-10-01,102.40333333333335
2017-10-02,102.27666666666669
2017-10-03,102.15
2017-10-04,100.24
2017-10-05,100.245
2017-10-06,98.28
2017-10-07,98.21
2017-10-08,95.04
2017-10-09,92.03
2017-10-10,88.81
2017-10-11,87.11
2017-10-12,84.85
2017-10-13,85.57
2017-10-14,85.18
2017-10-15,84.9
2017-10-16,86.15
2017-10-17,87.4
2017-10-18,87.91
2017-10-19,89.18
2017-10-20,90.27
2017-10-21,92.98
2017-10-22,92.44
2017-10-23,91.33
2017-10-24,91.98
2017-10-25,92.24
2017-10-26,93.29
2017-10-27,92.05
2017-10-28,91.51
2017-10-29,90.61
2017-10-30,90.41
2017-10-31,89.87
2017-11-01,89.42
2017-11-02,89.42
2017-11-03,90.02
2017-11-04,89.13
2017-11-05,88.0
2017-11-06,86.98
2017-11-07,85.83
2017-11-08,85.6
2017-11-09,83.41
2017-11-10,83.42
2017-11-11,84.29
2017-11-12,85.14
2017-11-13,86.52
2017-11-14,88.9
2017-11-15,89.44
2017-11-16,90.82
2017-11-17,90.77
2017-11-18,91.17
2017-11-19,91.02
2017-11-20,90.66
2017-11-21,89.66
2017-11-22,90.04
2017-11-23,89.84
2017-11-24,87.58
2017-11-25,89.935
2017-11-26,93.38
2017-11-27,91.54
2017-11-28,90.26
2017-11-29,89.36
2017-11-30,88.72
2017-12-01,88.11
2017-12-02,88.11
2017-12-03,87.14
2017-12-04,85.59
2017-12-05,84.57
2017-12-06,84.91
2017-12-07,84.91
2017-12-08,85.36
2017-12-09,87.21
2017-12-10,87.66
2017-12-11,88.71
2017-12-12,88.11
2017-12-13,86.96
2017-12-14,87.91
2017-12-15,87.19
2017-12-16,87.05
2017-12-17,87.15
2017-12-18,87.1
2017-12-19,86.89
2017-12-20,87.3
2017-12-21,90.56
2017-12-22,94.23
2017-12-23,92.86
2017-12-24,92.25
2017-12-25,92.55
2017-12-26,91.56
2017-12-27,88.12
2017-12-28,87.845
2017-12-29,88.8249999999999
2017-12-30,89.42
2017-12-31,89.39
2018-01-01,87.08
2018-01-02,87.08
2018-01-03,87.5
2018-01-04,87.265
2018-01-05,86.65
2018-01-06,86.51
2018-01-07,86.88
2018-01-08,88.15
2018-01-09,87.3
2018-01-19,88.65
2018-01-20,87.69
2018-01-21,87.45
2018-01-22,87.21
2018-01-23,85.64
2018-01-24,85.94
2018-01-25,85.18
2018-01-26,85.05
2018-01-27,85.36
2018-01-28,86.51
2018-01-29,85.22
2018-01-30,84.65
2018-01-31,86.3
2018-02-01,85.92
2018-02-02,85.92
2018-02-03,85.23
2018-02-04,86.83
2018-02-05,89.43
2018-02-06,91.52
2018-02-07,90.96
2018-02-08,92.64
2018-02-09,93.28
2018-02-10,93.79
2018-02-11,94.33
2018-02-12,100.28
2018-02-13,94.0
2018-02-14,91.85
2018-02-15,90.76
2018-02-16,89.015
2018-02-17,89.52
2018-02-18,90.65
2018-02-19,88.89
2018-02-20,87.59
2018-02-21,85.15
2018-02-22,87.8
2018-02-23,87.62
2018-02-24,85.01
2018-02-25,86.37
2018-02-26,84.91
2018-02-27,88.15
2018-02-28,87.3
2018-03-01,86.09
2018-03-02,84.88
2018-03-03,84.94
2018-03-04,85.5
2018-03-05,84.69
2018-03-06,84.86
2018-03-07,84.48
2018-03-08,78.87
2018-03-09,83.88
2018-03-10,84.4
2018-03-11,84.57
2018-03-12,84.74
2018-03-13,85.31
2018-03-14,86.01
2018-03-15,84.9
2018-03-16,84.78
2018-03-17,84.82
2018-03-18,84.45
2018-03-19,85.18
2018-03-20,85.58
2018-03-21,84.345
2018-03-22,84.53
2018-03-23,84.51
2018-03-24,84.08
2018-03-25,84.3
2018-03-26,85.34
2018-03-27,84.68
2018-03-28,84.59
2018-03-29,84.86
2018-03-30,84.365
2018-03-31,85.02
2018-04-01,85.305
2018-04-02,85.59
2018-04-03,85.37
2018-04-04,83.8
2018-04-05,82.67
2018-04-06,83.36
2018-04-07,83.14
2018-04-08,83.44
2018-04-09,83.84
2018-04-10,84.95
2018-04-11,84.29
2018-04-12,84.8
2018-04-13,85.96
2018-04-14,83.78
2018-04-15,85.2
2018-04-16,85.15
2018-04-17,85.31
2018-04-18,85.13
2018-04-19,87.275
2018-04-20,87.87
2018-04-21,91.12
2018-04-22,91.8
2018-04-23,88.86
2018-04-24,89.23
2018-04-25,88.13
2018-04-26,87.26
2018-04-27,86.02
2018-04-28,86.25
2018-04-29,86.35
2018-04-30,86.17
2018-05-01,86.36
2018-05-02,84.35
2018-05-03,83.04
2018-05-04,83.3
2018-05-05,83.98
2018-05-06,81.52
2018-05-07,84.93
2018-05-08,85.39
2018-05-09,85.29
2018-05-10,86.16
2018-05-11,86.62
2018-05-12,80.78
2018-05-13,85.445
2018-05-14,86.56
2018-05-15,87.28
2018-05-16,86.79
2018-05-17,86.33333333333333
2018-05-18,85.87666666666667
2018-05-19,85.42
2018-05-20,84.85
2018-05-21,85.33
2018-05-22,86.02
2018-05-23,87.56
2018-05-24,89.68
2018-05-25,89.98
2018-05-26,91.62
2018-05-27,89.41
2018-05-28,91.66
2018-05-29,93.33
2018-05-30,89.74
2018-05-31,91.64
2018-06-01,92.93
2018-06-02,92.32
2018-06-03,90.22
2018-06-04,89.06
2018-06-05,88.39
2018-06-06,87.57
2018-06-07,87.205
2018-06-08,85.3
2018-06-09,85.56
2018-06-10,85.72
2018-06-11,86.31
2018-06-12,86.57
2018-06-13,88.04
2018-06-14,87.79
2018-06-15,87.83
2018-06-16,87.55
2018-06-17,87.39
2018-06-18,89.24
2018-06-19,90.08
2018-06-20,94.41
2018-06-21,97.91
2018-06-22,98.26
2018-06-23,96.68
2018-06-24,93.23
2018-06-25,91.06
2018-06-26,67.98
2018-06-27,88.85
2018-06-28,86.81
2018-06-29,87.42
2018-06-30,86.145
2018-07-01,82.61
2018-07-02,84.01
2018-07-03,85.0
2018-07-04,85.14
2018-07-05,85.48
2018-07-06,85.68
2018-07-07,87.69
2018-07-08,88.595
2018-07-09,75.97
2018-07-10,88.28
2018-07-11,89.685
2018-07-12,89.785
2018-07-13,89.38
2018-07-14,89.83
2018-07-15,89.53
2018-07-16,88.76
2018-07-17,89.09
2018-07-18,88.775
2018-07-19,88.77
2018-07-20,87.98
2018-07-21,88.23
2018-07-22,86.89
2018-07-23,85.29
2018-07-24,84.77
2018-07-25,84.48
2018-07-26,83.07
2018-07-27,84.1
2018-07-28,84.24
2018-07-29,84.38
2018-07-30,85.1
2018-07-31,86.32
2018-08-01,87.13
2018-08-02,87.76
2018-08-03,87.33
2018-08-04,87.94
2018-08-05,86.74
2018-08-06,86.44
2018-08-07,86.71
2018-08-08,87.89
2018-08-09,87.67
2018-08-10,87.55
2018-08-11,86.54
2018-08-12,85.76
2018-08-13,85.19
2018-08-14,85.39
2018-08-15,86.88
2018-08-16,86.06
2018-08-17,85.22
2018-08-18,84.43
2018-08-19,83.94
2018-08-20,84.46
2018-08-21,84.16
2018-08-22,84.76
2018-08-23,61.31
2018-08-24,85.48
2018-08-25,89.78
2018-08-26,86.52
2018-08-27,85.51
2018-08-28,85.23
2018-08-29,86.6
2018-08-30,86.51
2018-08-31,85.16
2018-09-01,84.57
2018-09-02,84.34
2018-09-03,84.44
2018-09-04,84.71
2018-09-05,84.2
2018-09-06,83.69
2018-09-07,83.75
2018-09-08,84.21
2018-09-09,85.37
2018-09-10,85.73
2018-09-11,85.85
2018-09-12,86.24
2018-09-13,85.65
2018-09-14,86.18
2018-09-15,85.17
2018-09-16,85.14
2018-09-17,85.42
2018-09-18,85.01
2018-09-19,84.27
2018-09-20,83.48
2018-09-21,83.53
2018-09-22,84.45
2018-09-23,84.78
2018-09-24,84.99
2018-09-25,85.005
2018-09-26,85.85
2018-09-27,85.22
2018-09-28,84.0
2018-09-29,85.24
2018-09-30,86.935
2018-10-01,86.77
2018-10-02,85.68
2018-10-03,86.46
2018-10-04,85.18
2018-10-05,84.63
2018-10-06,85.32
2018-10-07,86.17
2018-10-08,86.09
2018-10-09,86.53
2018-10-10,86.7
2018-10-11,85.71
2018-10-12,87.37
2018-10-13,88.17
2018-10-14,88.59
2018-10-15,88.47
2018-10-16,87.23
2018-10-17,86.2
2018-10-18,85.9
2018-10-19,86.3
2018-10-20,85.84
2018-10-21,86.89
2018-10-22,87.06
2018-10-23,86.76
2018-10-24,86.39
2018-10-25,85.39
2018-10-26,84.75
2018-10-27,85.13
2018-12-19,56.57
2018-12-20,55.72
2018-12-21,55.91
2018-12-22,56.77
2018-12-23,56.57
2018-12-24,55.5
2018-12-25,55.11
2018-12-26,55.92
2018-12-27,86.12
2018-12-28,82.41
2018-12-29,81.99
2018-12-30,81.8
2018-12-31,82.025
2019-01-01,84.1825
2019-01-02,86.34
2019-01-03,89.8249999999999
2019-01-04,86.86
2019-01-05,85.64
2019-01-06,84.965
2019-01-07,86.645
2019-01-08,85.28
2019-01-09,86.16
2019-01-10,84.86
2019-01-11,83.36
2019-01-12,84.43
2019-01-13,83.92
2019-01-14,86.26
2019-01-15,83.97
2019-01-16,86.43
2019-01-17,85.205
2019-01-18,85.91
2019-01-19,85.215
2019-01-20,85.25
2019-01-21,86.1349999999999
2019-01-22,86.815
2019-01-23,88.37
2019-01-24,88.69
2019-01-25,88.37
2019-01-26,94.49
2019-01-27,92.99
2019-01-28,93.9149999999999
2019-01-29,93.53
2019-01-30,91.43
2019-01-31,92.9
2019-02-01,91.46000000000001
2019-02-02,90.02
2019-02-03,89.89
2019-02-04,87.52
2019-02-05,86.63
2019-02-06,87.98
2019-02-07,87.1649999999999
2019-02-08,86.17
2019-02-09,88.74
2019-02-10,88.49
2019-02-11,88.62
2019-02-12,89.045
2019-02-13,89.23
2019-02-14,89.81
2019-02-15,88.9
2019-02-16,86.76
2019-02-17,89.0
2019-02-18,87.49
2019-02-19,66.0
2019-02-20,85.69
2019-02-21,86.99
2019-02-22,87.09
2019-02-23,87.04
2019-02-24,87.52
2019-02-25,87.75
2019-02-26,87.92
2019-02-27,87.52
2019-02-28,87.44
2019-03-01,86.62
2019-03-02,86.58
2019-03-03,86.77
2019-03-04,88.14
2019-03-05,88.275
2019-03-06,89.32
2019-03-07,88.26
2019-03-08,88.52
2019-03-09,87.65
2019-03-10,87.38
2019-03-11,87.23
2019-03-12,86.19
2019-03-13,85.91
2019-03-14,87.08
2019-03-15,86.41
2019-03-16,85.35
2019-03-17,85.1
2019-03-18,85.02
2019-03-19,87.1049999999999
2019-03-20,88.16
2019-03-21,91.66
2019-03-22,96.87
2019-03-23,95.45
2019-03-24,93.3
2019-03-25,89.41
2019-03-26,86.82
2019-03-27,85.79
2019-03-28,84.555
2019-03-29,84.95
2019-03-30,84.94
2019-03-31,83.98
2019-04-01,84.94
2019-04-02,85.85
2019-04-03,86.98
2019-04-04,86.4
2019-04-05,86.54
2019-04-06,88.03
2019-04-07,90.92
2019-04-08,93.39
2019-04-09,94.95
2019-04-10,94.5
2019-04-11,93.75
2019-04-12,95.22
2019-04-13,94.26
2019-04-14,92.78
2019-04-15,91.64
2019-04-16,91.82
2019-04-17,92.33
2019-04-18,91.47
2019-04-19,90.53
2019-04-20,91.34
2019-04-21,87.78
2019-04-22,87.15
2019-04-23,85.95
2019-04-24,85.81
2019-04-25,84.87
2019-04-26,83.84
2019-04-27,83.98
2019-04-28,83.81
2019-04-29,84.89
2019-04-30,84.59
2019-05-01,85.11
2019-05-02,85.25
2019-05-03,86.43
2019-05-04,88.55
2019-05-05,89.935
2019-05-06,92.54
2019-05-07,92.89
2019-05-08,95.655
2019-05-09,93.79
2019-05-10,93.185
2019-05-11,93.52
2019-05-12,92.79
2019-05-13,91.83
2019-05-14,90.64
2019-05-15,90.785
2019-05-16,89.39
2019-05-17,88.905
2019-05-18,87.68
2019-05-19,84.84
2019-05-20,84.44
2019-05-21,83.8
2019-05-22,83.91
2019-05-23,84.065
2019-05-24,84.3249999999999
2019-05-25,83.84
2019-05-26,83.97
2019-05-27,81.79
2019-05-28,83.06
2019-05-29,85.06
2019-05-30,84.2
2019-05-31,84.98
2019-06-01,85.88
2019-06-02,86.45
2019-06-03,87.08
2019-06-04,87.53
2019-06-05,86.88
2019-06-06,86.56
2019-06-07,82.995
2019-06-08,86.32
2019-06-09,85.78
2019-06-10,84.97
2019-06-11,85.48
2019-06-12,85.8
2019-07-08,83.81
2019-07-09,61.01
2019-07-10,59.555
2019-07-11,55.83
2019-07-12,55.8
2019-07-13,55.68
2019-07-14,56.09
2019-07-15,56.01
2019-07-16,85.02
2019-07-17,84.77
2019-07-18,84.24
2019-07-19,84.62
2019-07-20,82.945
2019-07-21,82.97
2019-07-22,84.75
2019-07-23,84.68
2019-07-24,84.95
2019-07-25,84.55
2019-07-26,77.53
2019-07-27,84.16
2019-07-28,83.04
2019-07-29,83.47
2019-07-30,83.87
2019-07-31,82.93
2019-08-01,84.2
2019-08-02,84.1
2019-08-03,83.58
2019-08-04,83.6
2019-08-05,84.77
2019-08-06,85.36
2019-08-07,84.91
2019-08-08,85.74
2019-08-09,84.955
2019-08-10,84.8
2019-08-11,84.35
2019-08-12,83.74
2019-08-13,83.77
2019-08-14,84.35
2019-08-15,84.475
2019-08-16,84.36
2019-08-17,83.85
2019-08-18,83.51
2019-08-19,83.83
2019-08-20,83.68
2019-08-21,83.52
2019-08-22,83.1
2019-08-23,82.835
2019-08-24,82.15
2019-08-25,82.64
2019-08-26,81.96
2019-08-27,81.65
2019-08-28,82.18
2019-08-29,82.11
2019-08-30,82.16
2019-08-31,83.88
2019-09-01,83.68
2019-09-02,84.45
2019-09-03,85.35
2019-09-04,85.27
2019-09-05,85.36
2019-09-06,85.18
2019-09-07,58.27
2019-09-08,86.12
2019-09-09,86.04
2019-09-10,86.59
2019-09-11,85.52
2019-09-12,84.44
2019-09-13,85.235
2019-09-14,85.13
2019-09-15,85.3
2019-09-16,85.17
2019-09-17,84.87
2019-09-18,85.52
2019-09-27,84.06
2019-09-28,84.24
2019-09-29,84.3
2019-09-30,84.87
2019-10-01,85.03
2019-10-02,84.57
2019-10-03,85.34
2019-10-04,85.11
2019-10-05,84.97
2019-10-06,84.8
2019-10-07,83.21
2019-10-08,84.34
2019-10-09,84.31
2019-10-10,84.46
2019-10-11,84.37
2019-10-12,85.31
2019-10-13,85.21
2019-10-14,84.18
2019-10-15,84.21
2019-10-16,83.35
2019-10-17,84.06
2019-10-18,85.63
2019-10-19,86.01
2019-10-20,85.77
2019-10-21,85.19
2019-10-22,85.18
2019-10-23,84.84
2019-10-24,84.93
2019-10-25,85.01
2019-10-26,83.61
2019-10-27,83.8849999999999
2019-10-28,84.215
2019-10-29,84.09
2019-10-30,83.75
2019-10-31,84.21
2019-11-01,86.1
2019-11-02,84.65
2019-11-03,84.17
2019-11-04,83.53
2019-11-05,82.75
2019-11-06,82.78
2019-11-07,81.96
2019-11-08,81.02
2019-11-09,80.435
2019-11-10,78.715
2019-11-11,78.59
2019-11-12,77.97
2019-11-13,59.7699999999999
2019-11-14,78.72
2019-11-15,81.715
2019-11-16,81.35
2019-11-17,73.23
2019-11-18,77.19
2019-11-19,75.22
2019-11-20,77.345
2019-11-21,77.895
2019-11-22,78.51
2019-11-23,79.03500000000001
2019-11-24,79.56
2019-11-25,80.085
2019-11-26,80.61
2019-11-27,80.6
2019-11-28,79.67
2019-11-29,78.65
2019-11-30,78.61
2019-12-01,79.12
2019-12-02,79.63
2019-12-03,79.24
2019-12-04,78.27
2019-12-05,78.515
2019-12-06,78.965
2019-12-07,80.7
2019-12-08,78.33
2019-12-09,78.09
2019-12-10,78.3
2019-12-11,77.805
2019-12-12,77.475
2019-12-13,77.09
2019-12-14,77.31
2019-12-15,77.41
2019-12-16,77.26
2019-12-17,76.775
2019-12-18,77.13
2019-12-19,76.71
2019-12-20,76.71
2019-12-21,77.6
2019-12-22,77.5
2019-12-23,77.55
2019-12-24,76.565
2019-12-25,75.58
2019-12-26,74.595
2019-12-27,78.64
2019-12-28,78.71
2019-12-29,77.75
2019-12-30,77.66
2019-12-31,79.6349999999999
2020-01-01,64.736
2020-01-02,60.521
2020-01-03,57.775
2020-01-04,54.237
2020-01-05,58.255
2020-01-06,66.8584999999999
2020-01-07,62.329749999999954
2020-01-08,57.801
2020-01-09,65.927
2020-01-10,70.246
2020-01-11,70.6
2020-01-12,67.228
2020-01-13,69.1325
2020-01-14,59.545
2020-01-15,70.63
2020-01-16,71.61
2020-01-17,70.896
2020-01-18,71.223
2020-01-19,71.998
2020-01-20,71.818
2020-01-21,70.778
2020-01-22,78.9
2020-01-23,68.868
2020-01-24,69.13
2020-01-25,68.751
2020-01-26,70.956
2020-01-27,72.297
2020-01-28,70.748
2020-01-29,69.981
2020-01-30,69.893
2020-01-31,70.364
2020-02-01,68.605
2020-02-02,67.418
2020-02-03,66.384
2020-02-04,65.586
2020-02-05,67.187
2020-02-06,65.899
2020-02-07,64.567
2020-02-08,64.117
2020-02-09,63.585
2020-02-10,61.589
2020-02-11,61.04
2020-02-12,68.402
2020-02-13,58.228
2020-02-14,57.164
2020-02-15,55.665
2020-02-16,59.221
2020-02-17,54.314
2020-02-18,67.706
2020-02-19,70.475
2020-02-20,71.077
2020-02-21,70.415
2020-02-22,73.148
2020-02-23,73.763
2020-02-24,72.078
2020-02-25,71.926
2020-02-26,71.774
2020-02-27,72.139
2020-02-28,73.271
2020-02-29,71.713
2020-03-01,70.927
2020-03-02,73.886
2020-03-03,71.41
2020-03-04,72.322
2020-03-05,73.794
2020-03-06,72.872
2020-03-07,83.305
2020-03-08,71.38
2020-03-09,72.78
2020-03-10,72.841
2020-03-11,72.505
2020-03-12,71.562
2020-03-13,71.835
2020-03-14,72.078
2020-03-15,70.535
2020-03-16,70.174
2020-03-17,70.024
2020-03-18,69.635
2020-03-19,72.979
2020-03-20,71.138
2020-03-21,68.15
2020-03-22,67.062
2020-03-23,67.649
2020-03-24,67.208
2020-03-25,66.565
2020-03-26,74.94
2020-03-27,71.683
2020-03-28,67.737
2020-03-29,65.78
2020-03-30,66.74
2020-03-31,64.769
2020-04-01,65.432
2020-04-02,65.201
2020-04-03,65.49
2020-04-04,65.057
2020-04-05,66.215
2020-04-06,66.041
2020-04-07,64.253
2020-04-08,63.824
2020-04-09,65.635
2020-04-10,64.539
2020-04-11,63.681
2020-04-12,62.518
2020-04-13,64.195
2020-04-14,62.857
2020-04-15,62.687
2020-04-16,62.067
2020-04-17,68.653
2020-04-18,62.151
2020-04-19,68.18
2020-04-20,60.696
2020-04-21,63.55633333333333
2020-04-22,66.41666666666667
2020-04-23,69.277
2020-04-24,70.415
2020-04-25,69.695
2020-04-26,71.319
2020-04-27,70.73
2020-04-28,69.397
2020-04-29,69.695
2020-04-30,69.069
2020-05-01,68.327
2020-05-02,67.355
2020-05-03,67.033
2020-05-04,65.259
2020-05-05,66.303
2020-05-06,64.683
2020-05-07,66.157
2020-05-08,66.012
2020-05-09,76.064
2020-05-10,66.623
2020-05-11,64.884
2020-05-12,65.288
2020-05-13,66.332
2020-05-14,66.769
2020-05-15,73.979
2020-05-16,66.945
2020-05-17,66.477
2020-05-18,65.954
2020-05-19,67.649
2020-05-20,66.74
2020-05-21,66.041
2020-05-22,64.884
2020-05-23,64.339
2020-05-24,63.995
2020-05-25,64.712
2020-05-26,76.819
2020-05-27,65.722
2020-05-28,64.597
2020-05-29,65.057
2020-05-30,65.23
2020-05-31,64.195
2020-06-01,65.78
2020-06-02,64.31
2020-06-03,64.482
2020-06-04,64.138
2020-06-05,65.519
2020-06-06,64.281
2020-06-07,65.172
2020-06-08,66.565
2020-06-09,65.809
2020-06-10,76.001
2020-06-11,64.253
2020-06-12,65.346
2020-06-13,71.805
2020-06-14,72.811
2020-06-15,64.425
2020-06-16,63.681
2020-06-17,75.376
2020-06-18,61.926
2020-06-19,61.954
2020-06-20,62.095
2020-06-21,62.039
2020-06-22,62.095
2020-06-23,59.781
2020-06-24,70.836
2020-06-25,66.536
2020-06-26,59.616
2020-06-27,60.919
2020-06-28,61.114
2020-06-29,62.574
2020-06-30,64.827
2020-07-01,61.87
2020-07-02,62.208
2020-07-03,70.475
2020-07-04,61.73
2020-07-05,59.368
2020-07-06,59.671
2020-07-07,68.505
2020-07-08,59.176
2020-07-09,58.382
2020-07-10,58.6
2020-07-11,54.94
2020-07-12,57.16
2020-07-13,58.0
2020-07-14,58.491
2020-07-15,67.633
2020-07-16,67.832
2020-07-17,68.385
2020-07-18,75.269
2020-07-19,67.6935
2020-07-20,67.954
2020-07-21,69.219
2020-07-22,69.374
2020-07-23,69.684
2020-07-24,86.93
2020-07-25,86.3
2020-07-26,85.952
2020-07-27,86.021
2020-07-28,83.533
2020-07-29,81.152
2020-07-30,79.408
2020-07-31,80.513
2020-08-01,80.177
2020-08-02,77.751
2020-08-03,79.675
2020-08-04,75.561
2020-08-05,82.1
2020-08-06,71.531
2020-08-07,72.036
2020-08-08,70.152
2020-08-09,67.372
2020-08-10,71.248
2020-08-11,66.641
2020-08-12,74.43
2020-08-13,71.657
2020-08-14,73.276
2020-08-15,73.308
2020-08-16,69.965
2020-08-17,71.942
2020-08-18,70.401
2020-08-19,71.91
2020-08-20,73.148
2020-08-21,71.594
2020-08-22,72.83
2020-08-23,70.433
2020-08-24,68.385
2020-08-25,67.067
2020-08-26,68.2515
2020-08-27,69.436
2020-08-28,69.219
2020-08-29,69.622
2020-08-30,69.095
2020-08-31,66.398
2020-09-01,71.468
2020-09-02,71.2325
2020-09-03,70.997
2020-09-04,70.62
2020-09-05,76.996
2020-09-06,78.412
2020-09-07,78.18
2020-09-08,68.909
2020-09-09,68.693
2020-09-10,70.464
2020-09-11,76.734
2020-09-12,71.563
2020-09-13,72.925
2020-09-14,76.93
2020-09-15,79.309
2020-09-16,73.499
2020-09-17,72.775
2020-09-18,71.24
2020-09-19,67.389
2020-09-20,69.15
2020-09-21,67.686
2020-09-22,72.528
2020-09-23,74.016
2020-09-24,74.016
2020-09-25,71.729
2020-09-26,71.821
2020-09-27,71.913
2020-09-28,70.691
2020-09-29,71.24
2020-09-30,71.637
2020-10-01,69.03
2020-10-02,68.909
2020-10-03,68.162
2020-10-04,68.371
2020-10-05,74.422
2020-10-06,72.159
2020-10-07,71.24
2020-10-08,71.484
2020-10-09,73.301
2020-10-10,74.766
2020-10-11,71.668
2020-10-12,74.203
2020-10-13,77.648
2020-10-14,76.342
2020-10-15,78.483
2020-10-16,72.798
2020-10-17,69.368
2020-10-18,69.592
2020-10-19,70.313
2020-10-20,68.632
2020-10-21,69.435
2020-10-22,69.033
2020-10-23,72.092
2020-10-24,71.678
2020-10-25,69.952
2020-10-26,69.794
2020-10-27,71.175
2020-10-28,74.348
2020-10-29,79.485
2020-10-30,74.844
2020-10-31,66.971
2020-11-01,63.253
2020-11-02,70.409
2020-11-03,77.526
2020-11-04,77.316
2020-11-05,78.459
2020-11-06,79.293
2020-11-07,78.007
2020-11-08,83.258
2020-11-09,82.228
2020-11-10,78.701
2020-11-11,78.55
2020-11-12,74.093
2020-11-13,72.18
2020-11-14,69.985
2020-11-15,68.692
2020-11-16,65.002
2020-11-17,57.042
2020-11-18,60.222
2020-11-19,67.468
2020-11-20,73.859
2020-11-21,73.918
2020-11-22,79.004
2020-11-23,91.349
2020-11-24,94.366
2020-11-25,94.536
2020-11-26,99.992
2020-11-27,106.053
2020-11-28,114.035
2020-11-29,114.805
2020-11-30,113.078
2020-12-01,107.153
2020-12-02,106.602
2020-12-03,105.76
2020-12-04,103.154
2020-12-05,99.711
2020-12-06,92.048
2020-12-07,88.199
2020-12-08,86.746
2020-12-09,87.003
2020-12-10,84.484
2020-12-11,82.073
2020-12-12,83.226
2020-12-13,80.837
2020-12-14,94.096
2020-12-15,97.067
2020-12-16,91.781
2020-12-17,92.314
2020-12-18,87.94
2020-12-19,91.25
2020-12-20,89.798
2020-12-21,87.778
2020-12-22,83.195
2020-12-23,84.169
2020-12-24,86.522
2020-12-25,90.39
2020-12-26,84.516
2020-12-27,84.674
2020-12-28,79.49
2020-12-29,78.822
2020-12-30,83.235
2020-12-31,87.648
2021-01-01,86.875
2021-01-02,84.484
2021-01-03,84.69
2021-01-04,79.004
2021-01-05,80.622
2021-01-06,80.193
2021-01-07,85.882
2021-01-08,91.051
2021-01-09,88.037
2021-01-10,79.673
2021-01-11,81.361
2021-01-12,83.039
2021-01-13,73.539
2021-01-14,68.552
2021-01-15,68.217
2021-01-16,77.466
2021-01-17,77.947
2021-01-18,78.641
2021-01-19,78.429
2021-01-20,74.649
2021-01-21,72.324
2021-01-22,67.108
2021-01-23,67.385
2021-01-24,67.246
2021-01-25,66.475
2021-01-26,70.211
2021-01-27,66.971
2021-01-28,66.475
2021-01-29,64.975
2021-01-30,57.245
2021-01-31,55.113
2021-02-01,62.005
2021-02-02,71.063
2021-02-03,68.748
2021-02-04,67.081
2021-02-05,68.58
2021-02-06,67.44
2021-02-07,64.813
2021-02-08,68.468
2021-02-09,66.668
2021-02-10,64.488
2021-02-11,62.747
2021-02-12,61.11
2021-02-13,60.222
2021-02-14,59.47
2021-02-15,62.455
2021-02-16,66.174
2021-02-17,71.6555
2021-02-18,77.137
2021-02-19,66.297
2021-02-20,62.468
2021-02-21,60.509
2021-02-22,59.988
2021-02-23,87.519
2021-02-24,81.732
2021-02-25,85.978
2021-02-26,83.41133333333333
2021-02-27,80.84466666666667
2021-02-28,78.278
2021-03-01,81.334
2021-03-02,84.39
2021-03-03,71.363
2021-03-04,69.02
2021-03-05,65.549
2021-03-06,67.809
2021-03-07,69.376
2021-03-08,68.64
2021-03-09,65.893
2021-03-10,68.161
2021-03-11,64.838
2021-03-12,71.821
2021-03-13,65.893
2021-03-14,68.792
2021-03-15,63.915
2021-03-16,67.058
2021-03-17,65.573
2021-03-18,63.143
2021-03-19,67.884
2021-03-20,56.495
2021-03-21,70.656
2021-03-22,69.758
2021-03-23,69.071
2021-03-24,65.647
2021-03-25,64.522
2021-03-26,64.936
2021-03-27,60.290000000000006
2021-03-28,55.644
2021-03-29,60.839
2021-03-30,60.3
2021-03-31,56.855
2021-04-01,56.4615
2021-04-02,56.068
2021-04-03,62.975
2021-04-04,66.735
2021-04-05,61.546
2021-04-06,57.945
2021-04-07,56.855
2021-04-08,57.489
2021-04-09,57.876
2021-04-10,59.046
2021-04-11,56.315
2021-04-12,61.949
2021-04-13,58.678
2021-04-14,62.903
2021-04-15,60.16
2021-04-16,60.534
2021-04-17,62.401
2021-04-18,63.095
2021-04-19,64.643
2021-04-20,79.499
2021-04-21,77.213
2021-04-22,63.586
2021-04-23,64.209
2021-04-24,71.909
2021-04-25,74.177
2021-04-26,73.796
2021-04-27,73.877
2021-04-28,74.068
2021-04-29,71.6815
2021-04-30,70.95
2021-05-01,73.47
2021-05-02,68.459
2021-05-03,67.246
2021-05-04,65.919
2021-05-05,62.451
2021-05-06,62.795
2021-05-07,64.759
2021-05-08,66.964
2021-05-09,68.77
2021-05-10,68.148
2021-05-11,71.375
2021-05-12,72.324
2021-05-13,77.802
2021-05-14,60.721
2021-05-15,242.73
2021-05-16,153.2225
2021-05-17,162.02
2021-05-18,235.53
2021-05-19,241.93
2021-05-20,84.599
2021-05-21,84.067
2021-05-22,78.309
2021-05-23,78.054
2021-05-24,74.164
2021-05-25,71.744
2021-05-26,75.157
2021-05-27,65.172
2021-05-28,67.238
2021-05-29,54.596
2021-05-30,53.231
2021-05-31,54.887
2021-06-01,53.649
2021-06-02,83.57
2021-06-03,78.277
2021-06-04,81.99
2021-06-05,79.911
2021-06-06,83.835
2021-06-07,88.722
2021-06-08,81.566
2021-06-09,80.137
2021-06-10,83.669
2021-06-11,69.367
2021-06-12,67.267
2021-06-13,71.41
2021-06-14,69.875
2021-06-15,97.796
2021-06-16,114.152
2021-06-17,82.712
2021-06-18,169.192
2021-07-01,115.036
2021-07-02,110.554
2021-07-03,99.093
2021-07-04,183.887
2021-07-05,224.728
2021-07-06,91.984
2021-07-07,95.418
2021-07-08,159.359
2021-07-09,150.432
2021-07-10,100.474
2021-07-11,100.078
2021-07-12,112.797
2021-07-13,223.928
2021-07-14,227.391
2021-07-15,227.08
2021-07-16,234.454
2021-07-17,230.144
2021-07-18,231.405
2021-07-19,169.969
2021-07-20,200.642
2021-07-21,179.068
2021-07-22,213.747
2021-07-23,239.971
2021-07-24,206.630499999999
2021-07-25,217.367
2021-07-26,210.437
2021-07-27,189.925
2021-07-28,130.23000000000002
2021-07-29,70.535
2021-07-30,73.977
2021-07-31,107.837
2021-08-01,111.189
2021-08-02,125.247
2021-08-03,192.84
2021-08-04,183.105
2021-08-05,146.685
2021-08-06,133.763
2021-08-07,144.729
2021-08-08,139.109
2021-08-09,129.08
2021-08-10,137.712
2021-08-11,145.007
2021-08-12,114.973
2021-08-13,119.658
2021-08-14,137.283
2021-08-15,149.023
2021-08-16,166.187
2021-08-17,162.383
2021-08-18,148.204
2021-08-19,125.884
2021-08-20,147.284
2021-08-21,238.799
2021-08-22,133.86
2021-08-23,133.86
2021-08-24,123.0665
2021-08-25,112.273
2021-08-26,108.231
2021-08-27,99.167
2021-08-28,96.372
2021-08-29,117.762
2021-08-30,167.54
2021-08-31,146.334
2021-09-01,147.213
2021-09-02,163.2
2021-09-03,179.867
2021-09-04,166.028
2021-09-05,187.51
2021-09-06,137.118
2021-09-07,173.185
2021-09-08,198.223
2021-09-09,207.013
2021-09-10,184.416
2021-09-11,169.874
2021-09-12,156.704
2021-09-13,172.526
2021-09-14,126.096
2021-09-15,130.6415
2021-09-16,135.187
2021-09-17,138.21
2021-09-18,167.78
2021-09-19,142.045
2021-09-20,144.243
2021-09-21,138.011
2021-09-22,159.481
2021-09-23,172.2995
2021-09-24,185.427
2021-09-25,143.605
2021-09-26,153.918
2021-09-27,135.317
2021-09-28,148.4175
2021-09-29,154.361
2021-09-30,130.519
2021-10-01,123.775
2021-10-02,108.073
2021-10-03,113.285
2021-10-04,151.18
2021-10-05,149.47
2021-10-06,63.132
2021-10-07,81.2419999999999
2021-10-08,88.276
2021-10-09,89.484
2021-10-10,84.659
2021-10-11,84.93
2021-10-12,85.475
2021-10-13,83.14
2021-10-14,76.548
2021-10-15,75.05
2021-10-16,91.21
2021-10-17,89.8235
2021-10-18,88.437
2021-10-19,85.168
2021-10-20,95.593
2021-10-21,89.799
2021-10-22,95.411
2021-10-23,98.608
2021-10-24,97.498
2021-10-25,102.44
2021-10-26,113.92
2021-10-27,112.301
2021-10-28,120.25
2021-10-29,115.348
2021-10-30,111.859
2021-10-31,107.73
2021-11-01,102.63
2021-11-02,114.042
2021-11-03,101.266
2021-11-04,89.554
2021-11-05,87.708
2021-11-06,86.914
2021-11-07,83.645
2021-11-08,100.344
2021-11-09,87.951
2021-11-10,87.086
2021-11-11,82.504
2021-11-12,80.118
2021-11-13,80.184
2021-11-14,79.527
2021-11-15,77.803
2021-11-16,78.809
2021-11-17,79.462
2021-11-18,77.706
2021-11-19,78.581
2021-11-20,73.976
2021-11-21,76.292
2021-11-22,77.064
2021-11-23,77.836
2021-11-24,80.48
2021-11-25,83.174
2021-11-26,84.76
2021-11-27,91.352
2021-11-28,88.332
2021-11-29,92.455
2021-11-30,96.543
2021-12-01,105.083
2021-12-02,93.261
2021-12-03,81.439
2021-12-04,80.381
2021-12-05,81.372
2021-12-06,74.512
2021-12-07,76.084
2021-12-08,75.081
2021-12-09,72.652
2021-12-10,70.223
2021-12-11,73.286
2021-12-12,75.462
2021-12-13,79.005
2021-12-14,77.512
2021-12-15,92.169
2021-12-16,116.376
2021-12-17,138.0095
2021-12-18,123.736
2021-12-19,119.41
2021-12-20,115.8
2021-12-21,127.77
2021-12-22,130.997
2021-12-23,132.34
2021-12-24,127.639
2021-12-25,130.374
2021-12-26,131.31
2021-12-27,124.769
2021-12-28,124.037
2021-12-29,112.705
2021-12-30,107.652
2021-12-31,105.122
2022-01-01,98.645
2022-01-02,91.671
2022-01-03,86.708
2022-01-04,85.441
2022-01-05,87.466
2022-01-06,87.328
2022-01-07,94.359
2022-01-08,108.28
2022-01-09,104.775
2022-01-10,101.304
2022-01-11,101.32249999999999
2022-01-12,101.341
2022-01-13,104.159
2022-01-14,108.398
2022-01-15,108.832
2022-01-16,113.271
2022-01-17,115.512
2022-01-18,116.046
2022-01-19,109.822
2022-01-20,108.793
2022-01-21,100.626
2022-01-22,92.669
2022-01-23,91.174
2022-01-24,90.785
2022-01-25,108.832
2022-01-26,101.417
2022-01-27,101.341
2022-01-28,106.324
2022-01-29,115.882
2022-01-30,129.753
2022-01-31,128.649
2022-02-01,130.419
2022-02-02,132.609
2022-02-03,128.605
2022-02-04,129.62
2022-02-05,130.686
2022-02-06,125.807
2022-02-07,125.115
2022-02-08,124.64
2022-02-09,120.926
2022-02-10,122.496
2022-02-11,115.513
2022-02-12,112.14
2022-02-13,111.017
2022-02-14,102.478
2022-02-15,111.457
2022-02-16,112.382
2022-02-17,106.752
2022-02-18,95.047
2022-02-19,96.469
2022-02-20,97.572
2022-02-21,98.386
2022-02-22,100.739
2022-02-23,103.699
2022-02-24,105.78
2022-02-25,96.543
2022-02-26,98.943
2022-02-27,99.763
2022-02-28,100.513
2022-03-01,109.267
2022-03-02,106.324
2022-03-03,110.698
2022-03-04,114.735
2022-03-05,121.56
2022-03-06,122.837
2022-03-07,120.545
2022-03-08,121.561
2022-03-09,112.745
2022-03-10,116.17
2022-03-11,122.667
2022-03-12,122.795
2022-03-13,135.143
2022-03-14,120.672
2022-03-15,120.672
2022-03-16,109.188
2022-03-17,108.241
2022-03-18,107.025
2022-03-19,104.929
2022-03-20,98.163
2022-03-21,99.689
2022-03-22,98.275
2022-03-23,103.661
2022-03-24,109.862
2022-03-25,106.869
2022-03-26,116.577
2022-03-27,126.285
2022-03-28,137.433
2022-03-29,144.178
2022-03-30,147.683
2022-03-31,149.238
2022-04-01,150.756
2022-04-02,151.593
2022-04-03,147.78
2022-04-04,137.525
2022-04-05,129.355
2022-04-06,107.054
2022-04-07,103.9385
2022-04-08,99.456
2022-04-09,98.6955
2022-04-10,89.901
2022-04-11,84.736
2022-04-12,84.8
2022-04-13,82.444
2022-04-14,88.542
2022-04-15,95.291
2022-04-16,99.528
2022-04-17,114.52
2022-04-18,118.939
2022-04-19,128.507
2022-04-20,142.649
2022-04-21,155.886
2022-04-22,139.897
2022-04-23,136.522
2022-04-24,135.381
2022-04-25,151.188
2022-04-26,151.378
2022-04-27,132.515
2022-04-28,124.462
2022-04-29,115.928
2022-04-30,108.889
2022-05-01,105.535
2022-05-02,97.307
2022-05-03,103.446
2022-05-04,105.609
2022-05-05,105.646
2022-05-06,102.647
2022-05-07,102.141
2022-05-08,103.519
2022-05-09,102.937
2022-05-10,103.592
2022-05-11,105.461
2022-05-12,110.402
2022-05-13,122.493
2022-05-14,130.5
2022-05-15,136.566
2022-05-16,141.065
2022-05-17,144.704
2022-05-18,151.14
2022-05-19,156.371
2022-05-20,151.71
2022-05-21,143.971
2022-05-22,156.371
2022-05-23,147.943
2022-05-24,143.058
2022-05-25,130.671
2022-05-26,119.74
2022-05-27,115.653
2022-05-28,101.026
2022-05-29,94.362
2022-05-30,92.013
2022-05-31,90.334
2022-06-01,92.758
2022-06-02,91.474
2022-06-03,91.608
2022-06-04,89.369
2022-06-05,91.507
2022-06-06,87.099
2022-06-07,88.641
2022-06-08,89.104
2022-06-09,91.575
2022-06-10,99.102
2022-06-11,99.563
2022-06-12,101.564
2022-06-13,126.244
2022-06-14,121.76
2022-06-15,125.994
2022-06-16,132.429
2022-06-17,127.12
2022-06-18,125.828
2022-06-19,121.03
2022-06-20,128.803
2022-06-21,122.045
2022-06-22,117.983
2022-06-23,111.547
2022-06-24,117.467
2022-06-25,100.382
2022-06-26,96.261
2022-06-27,91.86633333333333
2022-06-28,87.47166666666665
2022-06-29,83.077
2022-06-30,83.14
2022-07-01,84.864
2022-07-02,85.67
2022-07-03,87.852
2022-07-04,86.968
2022-07-05,95.654
2022-07-06,95.291
2022-07-07,104.03
2022-07-08,104.652
2022-07-09,109.04
2022-07-10,113.975
2022-07-11,140.975
2022-07-12,127.204
2022-07-13,120.828
2022-07-14,136.038
2022-07-15,146.595
2022-07-16,141.742
2022-07-17,140.975
2022-07-18,136.302
2022-07-19,118.261
2022-07-20,113.858
2022-07-21,109.455
2022-07-22,94.843
2022-07-23,87.819
2022-07-24,84.255
2022-07-25,82.887
2022-07-26,80.75
2022-07-27,78.954
2022-07-28,74.745
2022-07-29,72.999
2022-07-30,81.281
2022-07-31,81.219
2022-08-01,79.138
2022-08-02,87.786
2022-08-03,81.814
2022-08-04,79.108
2022-08-05,90.601
2022-08-06,91.912
2022-08-07,91.507
2022-08-08,92.52
2022-08-09,87.655
2022-08-10,86.871
2022-08-11,86.318
2022-08-12,88.246
2022-08-13,95.879
2022-08-14,95.949
2022-08-15,97.938
2022-08-16,111.088
2022-08-17,104.983
2022-08-18,95.983
2022-08-19,90.702
2022-08-20,85.283
2022-08-21,78.432
2022-08-22,77.06
2022-08-23,78.677
2022-08-24,79.756
2022-08-25,87.164
2022-08-26,96.539
2022-08-27,112.237
2022-08-28,100.203
2022-08-29,101.313
2022-08-30,97.307
2022-08-31,97.973
2022-09-01,92.995
2022-09-02,110.554
2022-09-03,101.062
2022-09-04,115.457
2022-09-05,117.983
2022-09-06,107.689
2022-09-07,106.98
2022-09-08,105.277
2022-09-09,104.213
2022-09-10,106.274
2022-09-11,116.046
2022-09-12,136.61
2022-09-13,145.118
2022-09-14,134.116
2022-09-15,124.132
2022-09-16,120.183
2022-09-17,113.2
2022-09-18,110.517
2022-09-19,112.468
2022-09-20,110.288
2022-09-21,113.239
2022-09-22,110.897
2022-09-23,120.304
2022-09-24,122.534
2022-09-25,115.849
2022-09-26,112.045
2022-09-27,114.286
2022-09-28,114.715
2022-09-29,116.676
2022-09-30,114.014
2022-10-01,114.597
2022-10-02,123.228
2022-10-03,132.17
2022-10-04,136.61
2022-10-05,132.041
2022-10-06,140.93
2022-10-07,140.031
2022-10-08,142.604
2022-10-09,153.093
2022-10-10,146.41
2022-10-11,140.615
2022-10-12,128.549
2022-10-13,121.801
2022-10-14,110.023
2022-10-15,99.954
2022-10-16,98.325
2022-10-17,102.611
2022-10-18,101.925
2022-10-19,96.713
2022-10-20,94.396
2022-10-21,94.74
2022-10-22,92.047
2022-10-23,88.575
2022-10-24,93.234
2022-10-25,87.589
2022-10-26,89.203
2022-10-27,96.574
2022-10-28,96.679
2022-10-29,98.96
2022-10-30,100.418
2022-10-31,100.596
2022-11-01,97.027
2022-11-02,95.706
2022-11-03,96.47
2022-11-04,98.4834999999999
2022-11-05,99.421
2022-11-06,98.713
2022-11-07,103.228
2022-11-08,102.792
2022-11-09,96.818
2022-11-10,99.847
2022-11-11,99.705
2022-11-12,99.705
2022-11-13,103.446
2022-11-14,100.882
2022-11-15,98.607
2022-11-16,98.008
2022-11-17,94.774
2022-11-18,85.508
2022-11-19,86.871
2022-11-20,101.529
2022-11-21,90.201
2022-11-22,90.1
2022-11-23,90.134
2022-11-24,86.026
2022-11-25,79.787
2022-11-26,81.532
2022-11-27,80.47
2022-11-28,81.72
2022-11-29,84.064
2022-11-30,87.132
2022-12-01,88.18
2022-12-02,96.539
2022-12-03,99.954
2022-12-04,108.175
2022-12-05,113.162
2022-12-06,109.947
2022-12-07,108.889
2022-12-08,108.965
2022-12-09,104.909
2022-12-10,105.83
2022-12-11,108.626
2022-12-12,111.738
2022-12-13,115.3205
2022-12-14,117.229
2022-12-15,128.634
2022-12-16,125.578
2022-12-17,120.263
2022-12-18,120.949
2022-12-19,115.81
2022-12-20,120.143
2022-12-21,128.339
2022-12-22,121.273
2022-12-23,119.628
2022-12-24,117.983
2022-12-25,111.815
2022-12-26,111.241
2022-12-27,120.425
2022-12-28,125.205
2022-12-29,126.9195
2022-12-30,128.634
2022-12-31,143.651
